{-1.503,-0.057,0.587,-119.690,57.861,79.956,-1.437,-0.595,0.592,-125.732,39.856,80.750,-1.320,-0.877,0.482,-122.009,10.559,64.392,-1.200,-0.811,0.335,-120.667,-23.804,40.222,-1.132,-0.734,0.172,-117.737,-40.649,45.410,-1.078,-1.031,0.118,-104.248,-39.978,65.796,-0.988,-1.421,0.027,-87.769,-40.710,72.449,-0.863,-1.603,-0.069,-70.862,-41.016,55.115,-0.819,-1.562,-0.184,-57.922,-31.616,27.161,-0.819.1,-1.574,-0.255,-53.162,-23.865,12.817,-0.768,-1.768,-0.271,-36.926,-18.311,17.883,-0.710,-2.049,-0.232,-8.362,-15.808,18.555,-0.585,-2.172,-0.238,24.963,-16.663,4.211,-0.516,-2.057,-0.216,55.420,-17.456,-22.766,-0.429,-1.828,-0.200,81.360,-16.113,-44.800,-0.344,-1.624,-0.164,91.064,-10.498,-64.636,-0.243,-1.437.1,-0.102,93.018,-0.916,-84.656,-0.225,-1.201,-0.005,99.731,6.714,-103.577,-0.231,-0.907,0.072,114.563,8.972,-117.432,-0.274,-0.580,0.060,130.310,5.798,-121.399,-0.260.1,-0.362,0.021,134.399,10.803,-115.173,-0.185,-0.110,-0.030,131.226,24.780,-109.497,-0.284,0.349,-0.045,118.713,47.424,-118.347,-0.421,0.839,-0.045.1,90.698,69.763.1,-122.620.1,-0.522,1.038,0.061,63.416,83.130,-101.746,-0.596,0.885,0.210,54.077,92.041,-58.777,-0.714,0.637,0.202,63.293,89.722,-23.926,-0.808,0.666,0.157,71.899,78.491,-19.165,-0.966,0.946,0.162,51.392,77.209,-31.067,-0.989,1.068,0.175,4.578,81.970,-34.668,-0.940,1.109,0.213,-27.710,90.881,-29.846,-1.029,1.321,0.297,-42.603,103.149,-22.461,-1.103,1.524,0.388,-61.707,111.755,-2.136,-1.224,1.383,0.418,-74.707,107.483,47.668,-1.279.1,0.830,0.435,-79.346,93.079,105.042,-1.294,0.158,0.495,-77.087,79.773,133.789,-1.345,-0.263,0.620.1,-74.280,69.153,127.808,-1.369,-0.271.1,0.718,-82.886,48.096,101.074,-1.361,-0.247,0.729,-104.553,23.987,80.566,-1.334,-0.462,0.699,-113.098,4.944,88.562,-1.254,-0.699,0.686,-99.182,-11.414,93.994,-1.147,-0.857,0.656,-82.397,-24.109,84.412,-1.032,-0.833,0.566,-74.524,-28.503,60.608,-0.958,-0.754,0.441,-75.989,-30.396,41.565,-0.941,-0.862,0.337,-77.271.1,-31.311,40.344,-0.882,-1.049,0.256,-65.002,-31.128,44.922,-0.838,-1.117,0.202.1,-41.138,-30.945,39.978,-0.825,-1.027,0.149,-16.846,-30.151,26.428,-0.787,-0.898,0.111,-2.258,-28.076,13.794,-0.738.1,-0.795,0.069,2.136,-23.682,4.578.1,-0.749,-0.698,0.040,1.343,-17.517,-2.380,-0.809,-0.602,0.031,2.319,-8.972,-5.432,-0.866,-0.522.1,0.061.1,7.812,-2.991,-5.920,-0.872,-0.436,0.117,14.893,2.258,-4.333.2,-0.875,-0.378,0.182,17.944,6.775,-1.099,-0.891,-0.357,0.225,15.564,9.949,2.075,-0.906,-0.337,0.253,11.902,11.719,2.075.1,-0.924.1,-0.309,0.257,9.460,11.353,0.244.2,-0.921,-0.310,0.250,5.188,10.498,-1.465},
{-1.411,1.357,0.323,-17.09,100.952,-32.837,-1.507,1.315,0.333,-47.18,91.187,-1.526,-1.532,0.917,0.323,-78.369,83.374,39.185,-1.534,0.528,0.398,-92.957,84.167,57.251,-1.583,0.383,0.54,-95.032,79.59,54.077,-1.641,0.311,0.59,-100.952,65.43,57.678,-1.572,-0.066,0.572,-111.572,41.382,78.796,-1.434,-0.518,0.557,-114.624,20.813,88.684,-1.294,-0.747,0.519,-107.91,-5.005,74.341,-1.165,-0.62,0.386,-104.37,-34.668,50.903,-1.031,-0.596,0.188,-106.384,-51.392,46.692,-0.924,-0.849,0.052,-103.638,-48.95,63.11,-0.823,-1.261,-0.004,-94.604,-36.987,78.735,-0.711,-1.714,-0.043,-75.134,-26.672,82.153,-0.676,-1.984,-0.099,-44.067,-22.278,63.904,-0.626,-2.077,-0.174,-10.437,-28.687,41.626,-0.542,-2.161,-0.189,14.282,-29.846,22.827,-0.433,-2.213,-0.241,29.907,-25.94,-0.977,-0.318,-2.08,-0.306,39.429,-18.25,-32.471,-0.251,-1.824,-0.355,49.988,-5.554,-60.303,-0.199,-1.588,-0.342,59.814,7.324,-78.674,-0.147,-1.342,-0.284,75.317,15.137,-88.867,-0.107,-1.085,-0.214,91.248,23.926,-96.008,-0.103,-0.818,-0.134,105.774,33.691,-101.99,-0.176,-0.441,-0.039,114.502,43.701,-114.441,-0.303,0.014,0.084,109.436,50.659,-126.038,-0.418,0.402,0.206,94.788,57.617,-123.291,-0.483,0.605,0.307,87.83,56.763,-93.994,-0.586,0.609,0.253,94.971,50.598,-53.65,-0.707,0.764,0.216,99.548,42.114,-35.156,-0.888,1.011,0.221,77.087,39.612,-34.424,-0.953,1.013,0.306,33.325,44.373,-26.611,-1.005,0.803,0.365,-2.502,55.42,-11.597,-1.094,0.64,0.312,-9.644,67.871,-5.188,-1.11,0.655,0.244,-0.916,70.679,-2.014,-1.12,0.772,0.229,-3.723,73.181,2.319,-1.052,0.819,0.273,-22.888,77.393,17.029,-1.103,0.666,0.301,-48.096,85.938,37.292,-1.201,0.45,0.325,-66.895,89.417,45.532,-1.297,0.378,0.399,-75.134,84.045,46.631,-1.344,0.325,0.451,-78.796,65.796,54.138,-1.366,0.12,0.4,-82.397,46.631,71.35,-1.389,-0.108,0.398,-90.82,34.302,79.773,-1.361,-0.289,0.428,-97.473,27.588,78.003,-1.376,-0.374,0.488,-95.459,18.982,69.336,-1.291,-0.503,0.522,-83.923,6.348,72.998,-1.234,-0.656,0.548,-64.148,-5.432,76.477,-1.173,-0.736,0.541,-49.316,-13.184,72.754,-1.066,-0.688,0.519,-46.631,-21.423,60.364,-0.984,-0.615,0.48,-48.584,-27.71,48.767,-0.931,-0.679,0.43,-50.11,-30.212,47.729,-0.869,-0.827,0.37,-47.058,-30.762,49.377,-0.809,-0.922,0.317,-38.696,-31.128,44.8,-0.767,-0.943,0.276,-29.297,-30.212,36.865,-0.758,-0.895,0.202,-16.968,-25.513,30.518,-0.75,-0.849,0.166,-3.601,-23.621,27.588,-0.758,-0.819,0.157,4.456,-22.095,24.292,-0.785,-0.789,0.157,6.47,-17.395,14.099,-0.75,-0.719,0.131,9.583,-10.498,9.216},
{-1.575,1.784,0.68,-67.444,166.138,-29.236,-1.862,1.568,1.01,-52.979,147.522,35.339,-1.949,1.085,1.226,-42.053,115.234,97.534,-2.048,0.488,1.333,-67.322,73.547,120.85,-1.99,-0.056,1.274,-98.022,29.907,117.31,-1.897,-0.473,1.104,-109.497,-17.761,105.713,-1.644,-0.871,0.851,-112.61,-60.242,99.243,-1.348,-1.202,0.57,-102.051,-88.684,90.576,-1.034,-1.519,0.26,-84.351,-93.506,79.773,-0.77,-1.735,-0.072,-67.078,-82.031,65.063,-0.639,-1.892,-0.29,-50.842,-61.89,46.082,-0.571,-2.072,-0.363,-33.875,-46.997,30.029,-0.426,-2.242,-0.422,-14.404,-38.269,8.423,-0.265,-2.17,-0.472,9.399,-34.668,-24.658,-0.105,-1.899,-0.559,46.204,-34.729,-52.917,0.032,-1.59,-0.689,85.571,-29.907,-63.232,0.135,-1.366,-0.711,110.046,-7.08,-61.584,0.099,-1.222,-0.594,114.319,26.489,-66.162,-0.003,-1.017,-0.359,117.798,60.547,-84.534,-0.112,-0.683,-0.076,123.474,84.839,-105.164,-0.201,-0.243,0.271,129.578,100.342,-117.126,-0.319,0.34,0.448,127.686,101.44,-121.277,-0.551,0.946,0.558,99.243,96.313,-118.408,-0.629,1.259,0.629,69.092,96.985,-91.248,-0.766,1.197,0.688,54.199,88.562,-44.922,-0.933,1.095,0.551,43.518,70.74,-13.794,-1.09,1.198,0.399,29.785,58.472,-1.892,-1.151,1.234,0.364,5.31,68.298,9.521,-1.141,1.175,0.427,-28.625,89.783,24.109,-1.246,1.086,0.547,-60.486,101.135,36.255,-1.442,0.973,0.593,-76.66,97.961,52.856,-1.498,0.639,0.535,-78.064,68.481,88.257,-1.442,0.18,0.468,-80.017,40.283,114.868,-1.399,-0.241,0.417,-85.449,18.982,120.483,-1.337,-0.562,0.412,-90.576,3.113,112.427,-1.277,-0.67,0.47,-97.046,0.244,99.243,-1.254,-0.805,0.544,-89.722,-0.671,88.257,-1.213,-0.991,0.571,-73.425,-7.629,81.238,-1.095,-1.128,0.539,-55.969,-14.404,68.542,-0.936,-1.194,0.491,-47.241,-20.63,45.593,-0.864,-1.053,0.379,-47.363,-26.184,20.142,-0.792,-0.916,0.298,-44.25,-44.556,7.69,-0.744,-0.809,0.209,-36.194,-49.927,2.625,-0.724,-0.726,0.118,-25.635,-42.114,0.427,-0.729,-0.745,0.07,-16.296,-29.419,3.113,-0.745,-0.81,0.066,-4.089,-19.104,6.592,-0.791,-0.773,0.081,8.484,-14.038,2.197,-0.798,-0.661,0.083,14.526,-11.23,-6.042,-0.815,-0.521,0.064,17.7,-7.446,-12.512,-0.832,-0.391,0.039,20.264,-6.165,-12.268,-0.852,-0.29,0.024,18.005,-0.61,-7.812,-0.863,-0.258,0.055,12.939,11.536,-1.831,-0.876,-0.287,0.121,7.874,24.17,2.747,-0.921,-0.289,0.2,7.263,31.006,3.723,-0.954,-0.283,0.267,7.568,29.724,4.578,-0.979,-0.289,0.327,6.592,25.146,5.859,-0.997,-0.303,0.368,7.446,18.982,7.446,-1.002,-0.329,0.373,10.193,10.62,9.338,-1.011,-0.383,0.346,12.634,2.258,8.301},
{-1.344,1.34,0.645,-57.312,166.931,15.076,-1.649,1.046,1.042,-71.899,165.771,56.03,-1.864,0.643,1.324,-61.401,135.742,93.384,-1.889,0.405,1.314,-53.894,73.425,105.225,-1.826,0.155,1.183,-74.951,17.151,106.812,-1.683,-0.358,1.055,-101.318,-12.573,120.239,-1.494,-0.898,0.859,-114.746,-35.889,118.347,-1.224,-1.186,0.551,-119.934,-55.725,94.055,-0.944,-1.383,0.272,-114.258,-66.04,76.538,-0.739,-1.678,-0.096,-90.088,-72.327,73.059,-0.578,-2.208,-0.41,-58.289,-77.698,82.336,-0.482,-2.658,-0.62,-24.719,-67.078,67.688,-0.386,-2.724,-0.798,-0.549,-48.157,20.752,-0.285,-2.517,-0.814,17.7,-27.771,-33.325,-0.166,-2.215,-0.797,45.532,-0.305,-75.5,-0.05,-1.862,-0.668,69.641,12.146,-102.478,0.026,-1.518,-0.482,97.351,27.527,-115.295,0.044,-1.131,-0.24,122.192,47.363,-119.446,0.005,-0.758,-0.028,124.207,68.054,-126.221,-0.075,-0.242,0.164,103.21,87.036,-143.921,-0.213,0.417,0.358,73.73,99.487,-160.522,-0.322,0.959,0.512,56.152,107.422,-144.287,-0.447,1.128,0.501,71.533,90.21,-85.938,-0.578,1.021,0.38,86.853,68.176,-25.024,-0.738,0.909,0.264,69.519,65.43,0.244,-0.95,0.919,0.357,34.424,76.66,0.061,-1.061,0.98,0.559,-0.916,86.67,-1.465,-1.18,1.02,0.664,-29.907,92.224,0.671,-1.304,1.008,0.665,-54.504,83.74,10.986,-1.376,0.926,0.627,-64.88,69.092,37.109,-1.374,0.642,0.576,-76.233,50.293,69.763,-1.295,0.198,0.524,-91.736,39.185,86.67,-1.285,-0.154,0.505,-100.159,34.119,90.21,-1.276,-0.361,0.523,-103.882,21.362,87.036,-1.255,-0.515,0.532,-96.741,4.7,84.045,-1.229,-0.653,0.518,-81.787,-9.033,86.487,-1.198,-0.874,0.475,-65.857,-19.653,91.309,-1.064,-1.034,0.424,-53.162,-20.63,82.031,-0.981,-1.085,0.388,-46.082,-19.775,57.495,-1.01,-0.998,0.344,-47.058,-11.292,24.536,-0.902,-0.914,0.227,-47.668,-7.385,19.653,-0.916,-0.902,0.259,-40.771,-25.635,17.883,-0.88,-0.909,0.25,-23.254,-27.771,18.921,-0.876,-0.876,0.208,-6.348,-28.259,12.268,-0.837,-0.765,0.14,8.362,-21.179,4.883,-0.824,-0.615,0.125,13.916,-20.508,-1.282,-0.825,-0.487,0.133,12.024,-17.7,-3.906,-0.849,-0.409,0.127,8.728,-9.338,-2.502,-0.859,-0.382,0.134,6.104,-0.61,0.977,-0.872,-0.358,0.175,4.395,6.042,0.916,-0.877,-0.334,0.202,3.967,11.475,-1.221,-0.888,-0.318,0.22,3.113,9.216,-0.366,-0.902,-0.323,0.219,1.16,7.935,1.526,-0.912,-0.337,0.219,-1.526,7.629,2.014,-0.919,-0.348,0.23,-3.784,7.141,2.014,-0.925,-0.378,0.244,-1.038,6.287,3.967,-0.941,-0.411,0.254,6.409,5.554,8.118,-0.945,-0.455,0.263,9.521,4.272,8.85,-0.964,-0.471,0.27,7.874,4.517,3.845},
{-1.388,1.486,0.435,-51.025,157.471,-47.18,-1.585,1.44,0.754,-61.035,145.569,-6.409,-1.725,1.131,0.872,-54.871,118.713,47.119,-1.789,0.742,0.889,-52.185,88.257,86.06,-1.779,0.357,0.834,-70.923,57.312,98.999,-1.736,0.04,0.801,-96.741,32.898,97.839,-1.68,-0.234,0.775,-112.61,3.418,98.267,-1.57,-0.58,0.706,-107.849,-29.785,111.816,-1.359,-1.108,0.571,-94.543,-56.03,130.31,-1.038,-1.812,0.402,-79.834,-70.984,131.409,-0.71,-2.079,0.109,-65.186,-78.491,95.093,-0.55,-1.959,-0.241,-70.313,-82.947,32.41,-0.517,-2.057,-0.536,-72.51,-73.303,8.972,-0.388,-2.426,-0.7,-35.645,-59.57,11.292,-0.197,-2.552,-0.837,11.475,-44.922,-4.272,0.044,-2.326,-0.88,43.945,-27.466,-43.091,0.182,-1.919,-0.793,64.026,-0.549,-82.092,0.225,-1.557,-0.706,77.515,27.222,-98.694,0.202,-1.287,-0.562,91.614,49.927,-105.896,0.194,-0.99,-0.36,114.502,72.021,-115.662,0.175,-0.553,-0.099,137.146,93.994,-122.192,0.04,0.049,0.16,127.686,114.502,-135.742,-0.146,0.881,0.505,80.75,134.46,-160.156,-0.311,1.532,0.693,44.434,143.677,-144.836,-0.443,1.641,0.783,36.194,138.062,-80.322,-0.711,1.582,0.707,43.64,125.61,-19.043,-0.973,1.676,0.688,39.795,113.281,14.709,-1.107,1.647,0.771,7.263,111.572,37.048,-1.157,1.341,0.851,-40.955,107.605,56.335,-1.231,1.001,0.772,-91.614,106.567,69.824,-1.439,0.748,0.794,-123.169,103.943,77.087,-1.6,0.208,0.842,-115.723,84.656,114.99,-1.659,-0.548,0.864,-98.083,48.828,149.719,-1.594,-1.24,0.797,-90.149,11.23,142.395,-1.541,-1.31,0.775,-94.849,-23.193,101.807,-1.448,-1.253,0.69,-100.525,-42.48,63.538,-1.301,-1.282,0.611,-78.369,-61.89,53.04,-1.158,-1.3,0.468,-39.368,-65.918,47.424,-1.011,-1.312,0.285,-22.034,-69.824,30.762,-0.829,-1.205,0.159,-24.78,-67.932,10.315,-0.757,-1.012,0.106,-29.602,-56.763,-8.789,-0.671,-0.79,0.084,-18.677,-57.861,-4.15,-0.638,-0.63,0.094,-5.859,-58.411,2.319,-0.632,-0.611,0.035,4.761,-41.26,2.502,-0.721,-0.547,-0.006,14.404,-22.034,-3.296,-0.79,-0.457,0.005,21.484,-13.123,-8.24,-0.808,-0.374,0.013,24.292,-7.019,-11.23,-0.808,-0.29,0.032,16.785,1.404,-14.648,-0.824,-0.208,0.052,0.916,11.475,-18.433,-0.856,-0.155,0.08,-11.536,20.935,-19.592,-0.898,-0.135,0.114,-12.024,25.146,-11.963,-0.951,-0.188,0.17,-5.981,22.034,-1.648,-0.968,-0.25,0.195,3.418,14.771,8.667,-0.977,-0.32,0.21,7.629,9.583,15.198,-0.98,-0.375,0.203,7.751,6.958,16.174,-0.973,-0.407,0.207,4.7,8.484,11.963,-0.976,-0.415,0.222,0.854,11.475,5.127,-0.977,-0.406,0.243,-2.747,13.123,0.0,-0.994,-0.391,0.28,-0.122,9.583,-1.404},
{-1.006,2.006,0.264,24.231,123.047,-15.991,-1.169,1.756,0.483,-32.349,133.667,23.926,-1.484,1.433,0.861,-68.848,154.175,58.411,-1.813,1.034,1.286,-78.247,158.142,99.121,-1.948,0.397,1.552,-77.332,126.77,139.648,-2.011,-0.225,1.591,-81.665,69.214,159.424,-1.979,-0.88,1.483,-98.022,18.982,150.696,-1.913,-1.35,1.282,-119.873,-24.902,120.911,-1.669,-1.651,0.995,-133.911,-65.613,87.341,-1.376,-1.838,0.62,-119.202,-89.6,62.927,-1.121,-1.959,0.232,-93.75,-96.985,40.283,-0.798,-2.171,-0.114,-69.214,-98.45,25.696,-0.57,-2.272,-0.385,-45.41,-98.267,9.521,-0.396,-2.176,-0.57,-25.696,-85.022,-15.93,-0.249,-2.028,-0.673,-9.277,-61.951,-40.405,-0.111,-1.856,-0.674,19.287,-39.307,-57.434,0.001,-1.607,-0.635,57.556,-19.348,-64.514,0.071,-1.372,-0.612,95.337,-7.629,-63.904,0.039,-1.103,-0.488,124.451,7.08,-65.979,-0.024,-0.86,-0.336,132.935,24.353,-76.782,-0.071,-0.532,-0.187,136.902,43.64,-93.933,-0.16,-0.06,0.05,148.376,64.575,-105.225,-0.296,0.553,0.361,143.921,81.238,-115.112,-0.404,1.145,0.608,103.271,93.262,-118.958,-0.469,1.433,0.608,59.631,96.802,-100.464,-0.734,1.496,0.411,42.236,83.984,-61.646,-0.833,1.48,0.187,45.654,65.491,-17.395,-0.893,1.386,0.259,29.663,67.261,15.015,-1.004,1.296,0.42,-11.353,89.172,19.165,-1.216,1.349,0.559,-53.223,115.173,19.592,-1.441,1.316,0.692,-79.346,114.563,44.128,-1.453,0.942,0.78,-88.989,93.689,89.6,-1.441,0.451,0.668,-95.764,62.5,122.864,-1.389,-0.092,0.596,-112.122,45.837,134.521,-1.399,-0.535,0.654,-130.127,40.039,127.258,-1.439,-0.818,0.724,-126.953,21.973,119.507,-1.408,-1.274,0.719,-107.727,-6.714,118.53,-1.319,-1.647,0.69,-76.111,-25.269,108.154,-1.115,-1.612,0.624,-54.321,-40.283,75.989,-1.038,-1.41,0.329,-45.898,-20.752,28.87,-0.846,-1.237,0.224,-36.621,-22.339,3.052,-0.777,-1.047,0.177,-30.762,-49.133,-6.409,-0.721,-0.895,0.108,-14.832,-61.279,-9.277,-0.67,-0.785,0.037,2.197,-49.561,-7.263,-0.646,-0.724,-0.008,13.184,-28.503,-6.592,-0.688,-0.616,0.003,13.977,-10.315,-12.451,-0.722,-0.486,0.04,8.789,-0.977,-19.531,-0.756,-0.376,0.072,3.479,6.531,-21.79,-0.794,-0.292,0.117,1.77,9.644,-20.02,-0.817,-0.235,0.149,1.221,11.108,-17.578,-0.873,-0.182,0.181,5.554,11.047,-12.512,-0.909,-0.157,0.183,15.564,7.935,-4.211,-0.934,-0.16,0.189,19.897,5.798,0.793,-0.95,-0.172,0.198,17.334,6.47,3.479,-0.961,-0.208,0.217,7.812,10.071,4.639,-0.989,-0.236,0.24,-1.404,12.207,2.747,-0.999,-0.248,0.276,-5.859,11.536,1.099,-1.026,-0.316,0.315,-3.54,8.728,0.732,-1.031,-0.338,0.333,2.747,-0.977,4.089},
{-1.384,2.042,0.862,-31.86,172.668,-71.289,-1.51,1.77,1.095,-86.731,161.987,-6.104,-1.625,1.351,1.268,-86.548,145.325,53.162,-1.723,0.992,1.287,-60.73,107.727,105.164,-1.721,0.589,1.127,-63.66,65.674,139.404,-1.597,-0.047,0.931,-95.215,27.893,154.907,-1.527,-0.676,0.656,-126.404,5.249,146.606,-1.458,-1.089,0.518,-148.621,-15.32,122.559,-1.453,-1.254,0.388,-129.089,-38.879,95.52,-1.314,-1.304,0.266,-95.154,-57.312,87.402,-1.13,-1.601,0.077,-74.28,-64.941,88.562,-0.852,-2.026,-0.145,-63.599,-58.228,78.796,-0.697,-2.39,-0.365,-48.95,-52.917,53.894,-0.619,-2.492,-0.531,-23.926,-48.523,12.207,-0.525,-2.293,-0.576,-6.226,-38.879,-33.936,-0.349,-2.05,-0.578,15.503,-23.804,-66.711,-0.152,-1.785,-0.533,41.321,-8.484,-87.769,-0.011,-1.503,-0.45,64.636,-1.038,-100.586,0.056,-1.23,-0.371,88.928,4.028,-109.192,0.024,-0.938,-0.312,108.643,12.878,-114.136,-0.008,-0.606,-0.25,119.324,23.682,-115.784,0.03,-0.251,-0.211,122.986,37.781,-113.281,0.054,0.236,-0.12,113.831,60.791,-118.286,-0.079,0.776,0.074,78.674,89.05,-123.23,-0.327,1.097,0.193,50.11,108.154,-108.887,-0.545,1.248,0.362,53.711,117.737,-62.195,-0.695,1.207,0.544,63.232,118.591,-3.906,-0.869,1.194,0.676,49.316,106.689,28.687,-1.112,1.251,0.742,-1.892,99.792,21.301,-1.361,1.277,0.715,-71.411,106.262,6.531,-1.463,1.148,0.687,-114.746,106.75,17.029,-1.421,0.822,0.687,-117.737,102.539,53.894,-1.503,0.423,0.763,-100.281,86.67,89.417,-1.588,0.062,0.788,-87.28,69.092,107.849,-1.623,-0.276,0.75,-85.938,38.513,113.525,-1.54,-0.64,0.681,-90.332,4.639,111.267,-1.432,-0.85,0.596,-86.731,-22.217,104.004,-1.297,-1.054,0.487,-69.092,-40.527,95.093,-1.146,-1.215,0.328,-43.64,-49.683,82.458,-1.051,-1.258,0.204,-27.771,-43.274,57.495,-0.902,-1.285,0.139,-23.987,-36.743,33.813,-0.861,-1.194,0.1,-21.179,-23.621,12.39,-0.853,-1.017,0.15,-19.226,-36.194,-0.977,-0.83,-0.82,0.192,-13.611,-38.879,-8.362,-0.749,-0.709,0.176,-5.798,-35.889,-8.423,-0.679,-0.64,0.13,8.606,-26.55,-11.23,-0.745,-0.438,0.133,22.461,-19.775,-21.057,-0.77,-0.272,0.129,20.02,-15.32,-23.987,-0.791,-0.198,0.118,8.606,-11.78,-22.461,-0.827,-0.145,0.099,0.488,-6.348,-19.958,-0.844,-0.114,0.094,-2.747,-2.319,-15.137,-0.884,-0.099,0.096,-2.747,1.953,-8.423,-0.909,-0.115,0.105,0.61,3.967,-1.526,-0.942,-0.145,0.111,1.892,7.019,5.737,-0.961,-0.193,0.118,-3.54,8.484,9.094,-0.977,-0.251,0.135,-12.085,10.803,8.972,-1.0,-0.302,0.166,-15.747,12.085,8.362,-1.01,-0.34,0.196,-8.057,10.925,11.169,-1.019,-0.354,0.209,4.578,6.897,14.893},
{-1.264,1.766,0.531,-26.123,147.705,-23.56,-1.545,1.478,0.842,-58.899,153.625,16.968,-1.767,1.184,1.05,-75.378,141.235,43.457,-1.9,0.94,1.176,-73.242,108.826,76.599,-1.942,0.457,1.078,-73.12,61.523,117.615,-1.838,-0.255,0.872,-84.473,21.179,138.306,-1.71,-0.708,0.714,-97.595,-11.23,118.286,-1.579,-0.8,0.634,-116.516,-39.307,80.872,-1.393,-0.919,0.455,-124.512,-51.819,58.472,-1.164,-1.273,0.206,-108.826,-65.796,64.514,-0.925,-1.74,-0.049,-77.087,-62.5,77.759,-0.758,-2.158,-0.254,-49.438,-52.246,75.989,-0.627,-2.416,-0.386,-30.151,-45.349,48.157,-0.511,-2.444,-0.47,-11.414,-36.804,4.028,-0.365,-2.27,-0.535,13.916,-29.785,-37.476,-0.2,-1.997,-0.559,46.57,-20.447,-63.904,-0.075,-1.709,-0.53,73.486,-13.184,-78.308,-0.011,-1.437,-0.471,95.581,0.916,-88.745,-0.03,-1.09,-0.353,115.601,18.799,-97.534,-0.062,-0.756,-0.171,128.479,38.147,-101.501,-0.106,-0.429,0.025,121.765,58.35,-110.107,-0.163,-0.029,0.177,104.797,70.74,-122.07,-0.285,0.53,0.249,89.661,76.355,-131.531,-0.37,1.048,0.268,81.665,75.867,-121.887,-0.405,1.287,0.286,58.228,83.984,-83.679,-0.53,1.294,0.292,29.602,94.36,-36.926,-0.66,1.279,0.255,15.503,94.849,-1.587,-0.7,1.307,0.343,6.165,95.459,20.447,-0.744,1.327,0.439,-21.606,114.563,30.884,-0.942,1.411,0.484,-60.181,137.695,32.166,-1.217,1.486,0.696,-103.882,148.315,44.312,-1.326,1.172,0.958,-125.549,145.081,83.801,-1.492,0.558,1.109,-108.826,112.61,140.015,-1.526,-0.27,1.11,-79.041,59.326,185.364,-1.588,-0.977,0.943,-74.219,10.742,183.228,-1.522,-1.47,0.777,-90.21,-31.494,144.836,-1.509,-1.466,0.666,-101.135,-58.411,94.543,-1.309,-1.417,0.499,-82.886,-79.773,72.815,-1.143,-1.253,0.378,-51.27,-77.332,57.739,-0.974,-1.201,0.173,-27.1,-51.88,40.1,-0.887,-1.179,0.096,-23.437,-50.476,20.447,-0.747,-1.176,0.067,-17.09,-46.814,11.963,-0.691,-1.032,0.048,-2.014,-34.241,5.066,-0.733,-0.898,0.11,13.367,-34.729,4.822,-0.738,-0.752,0.146,21.912,-30.457,-2.38,-0.724,-0.567,0.096,21.729,-12.329,-14.526,-0.741,-0.421,0.065,16.418,-7.141,-19.531,-0.778,-0.352,0.094,4.395,-2.625,-18.677,-0.825,-0.325,0.129,-2.869,1.099,-17.212,-0.884,-0.277,0.146,-2.014,4.395,-15.686,-0.917,-0.228,0.131,8.301,3.296,-8.972,-0.933,-0.201,0.139,15.137,0.366,-2.014,-0.93,-0.215,0.161,13.672,0.0,3.723,-0.947,-0.273,0.197,6.836,1.77,6.958,-0.947,-0.332,0.201,-3.235,5.676,4.333,-0.964,-0.37,0.212,-7.324,6.47,-0.854,-0.969,-0.365,0.204,-3.723,5.188,-2.625,-0.969,-0.38,0.21,0.488,4.761,-0.488,-0.967,-0.397,0.22,5.005,4.333,1.77},
{-1.064,1.513,0.181,19.348,164.124,-13.55,-1.419,1.294,0.71,14.404,162.476,37.048,-1.786,1.149,1.113,-1.343,143.982,61.707,-1.999,1.046,1.321,-25.696,121.216,78.43,-2.0,0.726,1.384,-52.612,74.463,104.98,-1.882,0.27,1.217,-67.627,19.897,127.563,-1.654,-0.272,0.897,-71.96,-27.832,141.479,-1.411,-0.6,0.562,-75.867,-68.359,135.742,-1.197,-0.801,0.308,-86.06,-84.229,119.751,-1.054,-1.053,0.095,-95.032,-82.703,112.427,-0.914,-1.365,-0.024,-89.417,-58.716,104.492,-0.793,-1.761,-0.154,-75.073,-38.879,90.454,-0.696,-2.126,-0.281,-57.19,-40.71,67.383,-0.612,-2.236,-0.376,-27.344,-56.03,38.208,-0.538,-2.146,-0.428,5.798,-64.209,9.216,-0.405,-2.045,-0.504,38.574,-57.617,-9.216,-0.217,-1.942,-0.579,57.556,-43.457,-29.175,-0.072,-1.727,-0.573,60.791,-25.635,-58.167,-0.016,-1.464,-0.482,60.486,-2.197,-82.52,-0.003,-1.213,-0.335,67.871,21.545,-94.421,-0.043,-0.964,-0.231,84.167,32.776,-96.741,-0.078,-0.731,-0.156,91.675,38.757,-98.755,-0.13,-0.484,-0.093,94.788,43.274,-103.149,-0.217,-0.212,-0.106,102.112,45.105,-102.722,-0.301,0.093,-0.127,109.131,51.025,-100.647,-0.359,0.395,-0.061,108.154,65.552,-95.459,-0.435,0.577,0.067,93.506,83.618,-80.322,-0.512,0.701,0.189,71.533,89.783,-70.313,-0.595,0.932,0.201,44.8,92.224,-76.294,-0.664,1.271,0.272,20.569,92.896,-78.369,-0.721,1.5,0.322,-1.343,98.877,-56.519,-0.809,1.522,0.331,-19.165,107.483,-17.395,-0.908,1.5,0.361,-38.269,115.723,9.644,-0.999,1.482,0.507,-66.528,120.3,29.907,-1.066,1.332,0.564,-97.29,114.746,55.359,-1.08,0.888,0.525,-122.986,103.638,93.445,-1.123,0.329,0.545,-133.545,87.952,129.822,-1.163,-0.203,0.644,-132.08,75.378,153.442,-1.401,-0.861,0.857,-127.563,57.312,164.795,-1.586,-1.668,1.054,-112.061,27.893,154.175,-1.756,-1.811,1.016,-92.163,-16.663,97.961,-1.58,-1.625,0.778,-72.815,-57.007,58.655,-1.41,-1.382,0.585,-56.763,-77.026,45.349,-1.21,-1.247,0.359,-42.725,-66.589,44.983,-0.924,-1.424,0.216,-28.198,-59.875,46.082,-0.861,-1.369,0.12,-1.587,-54.504,30.457,-0.793,-1.14,-0.035,4.395,-34.79,12.39,-0.795,-0.999,-0.013,10.864,-32.104,4.517,-0.767,-0.823,0.031,24.902,-22.583,-6.165,-0.758,-0.593,-0.003,23.315,-4.211,-28.564,-0.745,-0.364,-0.016,12.817,5.066,-39.185,-0.753,-0.252,0.027,3.723,10.132,-39.49,-0.787,-0.179,0.058,3.723,14.465,-36.072,-0.822,-0.11,0.096,4.761,18.494,-27.527,-0.851,-0.099,0.172,4.822,20.874,-17.822,-0.859,-0.123,0.196,7.996,16.846,-7.69,-0.876,-0.141,0.197,6.226,11.963,-2.747,-0.924,-0.171,0.197,0.977,12.817,0.0,-0.961,-0.231,0.208,-1.709,15.198,2.991},
{-1.281,1.367,0.528,23.132,169.983,14.465,-1.599,1.071,0.868,21.729,151.611,53.345,-1.82,0.882,1.045,-11.353,118.164,57.251,-1.944,0.852,1.121,-61.829,97.595,46.021,-2.091,0.607,1.116,-102.417,73.364,57.007,-2.058,0.109,1.057,-118.042,43.274,76.904,-1.97,-0.101,0.98,-107.91,3.235,81.299,-1.784,-0.142,0.885,-103.271,-31.067,86.548,-1.599,-0.502,0.728,-106.445,-53.65,102.112,-1.359,-1.047,0.481,-98.816,-69.641,117.981,-1.112,-1.461,0.257,-86.304,-77.271,112.305,-0.878,-1.678,0.079,-81.787,-74.463,86.365,-0.77,-1.832,-0.083,-76.477,-68.909,58.655,-0.642,-2.094,-0.259,-55.481,-63.721,41.748,-0.513,-2.251,-0.355,-19.531,-59.753,20.813,-0.426,-2.156,-0.408,18.311,-55.359,-4.211,-0.286,-1.996,-0.472,46.143,-47.974,-27.344,-0.104,-1.754,-0.506,69.763,-36.194,-49.5,-0.026,-1.449,-0.497,86.365,-16.235,-66.895,0.017,-1.169,-0.418,98.755,6.775,-72.937,0.015,-0.94,-0.272,114.563,29.602,-73.364,-0.024,-0.692,-0.107,120.3,45.715,-80.2,-0.081,-0.415,0.034,115.173,58.289,-91.858,-0.262,-0.025,0.099,116.699,70.984,-98.755,-0.35,0.341,0.141,119.934,76.477,-92.224,-0.401,0.631,0.267,103.638,88.684,-82.336,-0.356,0.795,0.434,68.542,100.098,-77.698,-0.568,1.15,0.506,38.635,105.713,-78.43,-0.885,1.544,0.464,19.287,96.008,-62.5,-0.995,1.582,0.492,2.502,86.609,-15.564,-1.092,1.372,0.627,-14.587,88.318,33.142,-1.232,1.228,0.646,-35.034,83.435,54.993,-1.361,1.212,0.642,-66.528,80.505,62.622,-1.493,1.137,0.645,-91.736,68.481,81.97,-1.513,0.686,0.531,-108.032,44.312,116.76,-1.312,-0.012,0.445,-118.774,21.423,145.508,-1.313,-0.465,0.453,-112.61,11.108,143.799,-1.24,-0.556,0.503,-104.187,-4.15,131.653,-1.242,-0.707,0.585,-105.591,-23.132,126.953,-1.214,-1.237,0.563,-100.952,-32.227,134.46,-1.116,-1.612,0.555,-82.214,-40.405,117.126,-0.988,-1.706,0.498,-71.716,-43.762,75.684,-0.87,-1.498,0.392,-63.232,-42.175,35.034,-0.729,-1.289,0.287,-48.706,-45.044,14.648,-0.565,-1.141,0.19,-31.555,-52.49,10.864,-0.607,-1.062,0.058,-20.081,-54.199,0.977,-0.603,-1.011,-0.025,-3.784,-52.002,5.981,-0.603,-0.966,0.016,18.127,-44.25,9.399,-0.664,-0.868,0.042,30.884,-29.541,-0.61,-0.704,-0.708,0.019,28.809,-15.442,-15.625,-0.74,-0.542,0.013,15.564,-7.812,-26.306,-0.769,-0.438,0.01,2.075,2.441,-32.104,-0.811,-0.363,0.048,-6.226,14.343,-33.691,-0.862,-0.328,0.089,-2.808,22.644,-29.663,-0.909,-0.281,0.097,11.475,24.597,-22.827,-0.953,-0.23,0.121,20.264,22.827,-13.55,-0.976,-0.267,0.158,14.404,20.874,-6.592,-0.981,-0.328,0.221,3.54,23.132,-4.272,-0.992,-0.378,0.257,-4.883,23.01,-7.385},
{-0.559,-1.47,-0.509,32.898,-7.141,-20.325,-0.373,-1.421,-0.513,42.908,-5.432,-40.283,-0.23,-1.234,-0.481,62.561,-8.484,-53.711,-0.078,-1.03,-0.5,80.627,-13.245,-60.364,0.076,-0.822,-0.505,80.811,-12.512,-69.153,0.195,-0.616,-0.52,77.576,-0.916,-75.928,0.28,-0.432,-0.516,86.06,17.212,-70.74,0.276,-0.309,-0.501,93.689,37.537,-61.035,0.268,-0.168,-0.554,91.919,44.312,-60.547,0.282,0.06,-0.675,95.337,54.382,-62.5,0.259,0.452,-0.811,93.872,70.618,-67.017,0.228,0.833,-0.899,70.251,96.68,-64.026,0.062,1.015,-0.74,35.339,126.282,-55.054,-0.28,1.268,-0.473,-4.211,161.682,-52.795,-0.73,1.623,0.024,-29.724,190.918,-36.194,-1.126,1.637,0.575,-25.085,194.641,26.306,-1.494,1.244,1.081,-24.414,183.777,93.445,-1.925,0.731,1.411,-42.664,156.494,113.953,-2.217,0.316,1.523,-71.533,114.99,109.009,-2.284,0.025,1.543,-92.957,64.27,99.67,-2.226,-0.439,1.314,-106.14,10.559,103.271,-1.997,-0.99,0.984,-114.38,-35.95,102.905,-1.693,-1.262,0.688,-114.868,-76.477,83.008,-1.361,-1.251,0.553,-114.38,-91.492,59.57,-1.125,-1.312,0.286,-104.675,-87.036,48.584,-0.837,-1.661,-0.045,-92.224,-79.59,48.767,-0.658,-2.041,-0.232,-71.289,-75.256,44.861,-0.571,-2.24,-0.354,-43.823,-74.402,29.48,-0.449,-2.182,-0.463,-19.043,-67.383,2.869,-0.282,-2.071,-0.527,4.944,-50.232,-19.287,-0.154,-1.922,-0.567,29.968,-28.442,-39.124,-0.068,-1.741,-0.529,49.5,-16.663,-52.612,-0.015,-1.596,-0.45,67.261,-7.324,-61.401,0.013,-1.419,-0.36,90.576,2.869,-69.702,0.012,-1.143,-0.284,115.906,14.526,-79.041,-0.005,-0.844,-0.228,127.625,27.527,-88.379,-0.011,-0.566,-0.135,118.713,41.077,-103.516,-0.062,-0.154,-0.051,115.601,55.115,-119.08,-0.186,0.47,0.042,115.845,66.528,-130.493,-0.272,0.992,0.13,103.882,75.562,-112.244,-0.294,1.047,0.312,73.914,88.623,-69.824,-0.486,0.977,0.374,39.49,102.478,-41.016,-0.7,1.226,0.472,23.071,97.534,-37.292,-0.899,1.636,0.551,3.723,95.032,-23.926,-0.856,1.675,0.583,-26.001,91.309,10.986,-0.94,1.408,0.597,-57.068,96.375,49.133,-1.265,1.252,0.611,-87.891,101.563,68.298,-1.429,0.944,0.681,-101.746,87.341,99.67,-1.437,0.516,0.803,-104.248,59.753,131.104,-1.534,-0.103,0.847,-115.54,34.18,153.32,-1.523,-0.84,0.803,-123.413,7.812,159.729,-1.459,-1.325,0.747,-114.075,-28.564,138.977,-1.369,-1.274,0.648,-108.398,-59.082,114.258,-1.201,-1.135,0.47,-95.093,-76.416,98.328,-1.074,-1.309,0.271,-78.674,-65.125,96.619,-0.872,-1.618,0.072,-60.181,-51.27,81.787,-0.862,-1.72,-0.085,-48.157,-42.114,45.715,-0.816,-1.568,-0.169,-37.231,-46.692,16.541,-0.742,-1.38,-0.107,-30.273,-38.757,-8.484}
