aX,aY,aZ,gX,gY,gZ
-0.943,-1.786,-0.163,-80.444,55.786,34.241
-0.904,-1.957,-0.260,-63.843,52.063,28.320
-0.829,-2.006,-0.356,-42.847,46.448,19.653
-0.776,-1.964,-0.417,-22.339,41.199,6.714
-0.736,-1.874,-0.463,-3.967,41.504,-6.836
-0.682,-1.777,-0.476,12.817,50.232,-17.700
-0.619,-1.692,-0.466,27.832,64.758,-23.987
-0.589,-1.644,-0.435,39.368,81.177,-28.503
-0.586,-1.626,-0.367,47.424,96.375,-33.142
-0.589,-1.625,-0.283,54.871,109.253,-37.842
-0.596,-1.625,-0.186,63.599,120.178,-43.396
-0.614,-1.611,-0.089,73.486,129.272,-51.575
-0.636,-1.552,0.037,83.008,137.085,-62.805
-0.662,-1.472,0.174,91.187,142.517,-75.623
-0.674,-1.336,0.306,98.206,147.217,-89.111
-0.693,-1.176,0.437,105.713,153.625,-102.844
-0.736,-0.998,0.571,112.793,158.386,-114.136
-0.796,-0.817,0.696,118.835,159.058,-121.277
-0.856,-0.655,0.818,124.756,155.945,-122.742
-0.956,-0.484,0.994,132.690,148.560,-119.751
-1.104,-0.281,1.186,144.043,135.437,-114.258
-1.262,-0.046,1.367,158.142,118.774,-107.056
-1.380,0.199,1.544,171.692,97.839,-95.703
-1.474,0.406,1.724,180.908,74.280,-80.322
-1.536,0.575,1.877,180.725,52.490,-63.110
-1.605,0.667,2.011,166.809,34.424,-47.546
-1.679,0.736,2.097,140.320,22.644,-37.170
-1.800,0.795,2.144,105.713,14.282,-34.607
-1.904,0.827,2.155,68.176,8.118,-38.391
-2.007,0.851,2.125,32.227,0.977,-44.739
-2.067,0.857,2.093,2.014,-9.094,-49.805
-2.102,0.849,2.072,-19.409,-24.353,-51.819
-2.062,0.779,2.048,-32.288,-43.457,-47.180
-2.009,0.731,1.947,-36.560,-67.383,-31.555
-2.025,0.650,1.827,-37.231,-96.313,-23.315
-1.882,0.545,1.671,-35.583,-123.535,-19.531
-1.731,0.417,1.488,-33.813,-148.987,-16.479
-1.573,0.305,1.280,-33.447,-172.180,-13.062
-1.426,0.219,1.067,-35.339,-191.467,-9.216
-1.260,0.152,0.854,-38.879,-207.336,-7.568
-1.070,0.085,0.656,-43.335,-220.093,-8.118
-0.900,0.027,0.471,-47.363,-227.844,-9.888
-0.755,-0.015,0.298,-50.537,-230.286,-12.451
-0.635,-0.039,0.156,-53.223,-229.065,-15.198
-0.563,-0.048,0.014,-55.420,-223.694,-17.334
-0.503,-0.072,-0.137,-57.007,-216.248,-17.334
-0.439,-0.106,-0.270,-57.617,-207.886,-16.052
-0.380,-0.139,-0.401,-55.481,-200.439,-13.794
-0.338,-0.163,-0.522,-50.415,-193.481,-10.864
-0.294,-0.182,-0.606,-43.884,-185.608,-8.484
-0.246,-0.203,-0.716,-36.743,-177.185,-5.188
-0.197,-0.230,-0.803,-29.053,-168.579,-0.366
-0.138,-0.260,-0.875,-20.935,-158.997,5.371
-0.078,-0.278,-0.919,-11.719,-149.536,10.864
-0.032,-0.291,-0.953,0.793,-140.076,15.930
0.015,-0.302,-0.973,16.846,-129.883,21.362
0.066,-0.298,-0.971,33.508,-119.690,26.672
0.088,-0.284,-0.953,45.471,-109.192,29.175
0.102,-0.268,-0.944,50.537,-96.863,27.588
0.139,-0.241,-0.913,48.645,-83.862,23.071
0.171,-0.198,-0.898,43.274,-70.251,16.785
0.203,-0.172,-0.893,36.194,-56.213,8.545
0.254,-0.143,-0.891,27.527,-41.626,0.183
0.317,-0.114,-0.908,18.005,-26.672,-6.653
0.374,-0.081,-0.942,7.690,-12.634,-12.512
0.445,-0.035,-0.986,-3.052,0.549,-17.761
0.510,-0.003,-1.036,-14.343,15.625,-23.254
0.580,0.031,-1.075,-27.283,36.682,-28.381
0.628,0.067,-1.080,-43.335,64.941,-33.325
0.646,0.089,-1.023,-61.218,97.412,-38.757
0.650,0.091,-0.926,-75.500,129.761,-43.030
0.638,0.117,-0.797,-83.191,156.555,-42.969
0.645,0.160,-0.660,-81.726,175.354,-37.415
0.648,0.200,-0.555,-70.801,187.012,-25.574
0.650,0.248,-0.483,-54.626,193.787,-6.897
0.630,0.319,-0.420,-38.513,199.036,17.090
0.589,0.364,-0.345,-26.794,206.238,44.617
0.543,0.372,-0.232,-21.179,214.783,74.219
0.477,0.311,-0.062,-22.156,220.276,104.187
0.389,0.166,0.109,-25.635,226.685,128.418
0.203,0.024,0.288,-30.823,235.474,144.226
0.054,-0.149,0.477,-36.133,242.371,157.410
-0.178,-0.367,0.621,-38.757,248.291,166.565
-0.447,-0.639,0.810,-40.222,248.962,170.898
-0.723,-0.877,1.002,-37.964,245.056,167.969
-1.017,-1.031,1.208,-32.654,235.901,157.288
-1.238,-1.129,1.318,-26.550,225.891,141.541
-1.526,-1.119,1.431,-24.902,212.952,123.596
-1.709,-1.116,1.446,-27.283,203.125,103.943
-1.816,-1.178,1.477,-33.569,193.970,86.670
-1.899,-1.232,1.514,-43.213,176.880,70.129
-1.964,-1.256,1.532,-52.124,157.166,51.270
-1.974,-1.240,1.507,-58.044,138.123,30.273
-1.938,-1.160,1.451,-62.256,117.188,7.751
-1.880,-1.010,1.383,-65.369,93.628,-13.428
-1.786,-0.847,1.306,-64.819,69.519,-28.931
-1.683,-0.717,1.226,-59.082,45.837,-33.752
-1.622,-0.643,1.170,-48.889,20.813,-27.771
-1.562,-0.631,1.154,-33.813,0.671,-13.672
-1.529,-0.630,1.139,-14.404,-13.489,3.113
-1.476,-0.674,1.097,4.333,-23.560,19.775
-1.425,-0.696,1.038,16.907,-28.992,26.978
-1.359,-0.708,0.973,21.606,-30.823,26.855
-1.305,-0.688,0.897,19.043,-29.053,20.264
-1.242,-0.654,0.815,12.939,-23.437,9.338
-1.186,-0.620,0.737,5.615,-16.541,-2.136
-1.141,-0.568,0.673,-1.221,-11.536,-11.902
-1.087,-0.516,0.617,-6.653,-8.179,-19.043
-1.034,-0.473,0.575,-10.376,-6.775,-23.010
-0.991,-0.431,0.543,-12.512,-6.775,-24.170
-0.962,-0.400,0.517,-13.672,-8.362,-23.010
-0.937,-0.385,0.496,-13.916,-10.559,-19.653
-0.909,-0.387,0.473,-13.306,-12.817,-14.343
-0.888,-0.405,0.457,-11.963,-14.832,-8.484
-0.877,-0.424,0.431,-9.705,-16.968,-2.930
-0.870,-0.438,0.403,-7.324,-18.311,1.221
-0.855,-0.455,0.380,-5.188,-18.982,4.333
-0.844,-0.474,0.365,-3.296,-19.104,5.554
-0.840,-0.480,0.353,-1.343,-18.860,5.005

-1.210,-0.779,0.599,-78.735,63.843,144.104
-1.152,-0.954,0.556,-90.942,43.701,134.644
-1.107,-1.143,0.559,-101.379,34.363,125.366
-1.103,-1.324,0.553,-108.948,29.480,113.953
-1.087,-1.507,0.531,-114.197,25.024,99.121
-1.031,-1.659,0.490,-117.981,20.325,80.994
-0.991,-1.765,0.433,-120.850,16.785,58.594
-0.959,-1.814,0.361,-121.765,15.076,33.813
-0.936,-1.835,0.297,-120.789,16.052,8.484
-0.912,-1.812,0.217,-116.577,20.264,-14.648
-0.886,-1.784,0.139,-109.985,24.292,-32.288
-0.849,-1.797,0.029,-100.159,26.672,-43.030
-0.764,-1.839,-0.096,-85.144,27.222,-46.143
-0.638,-1.897,-0.199,-64.819,25.391,-42.419
-0.552,-1.976,-0.289,-41.077,25.146,-37.048
-0.435,-2.068,-0.366,-14.648,29.114,-32.532
-0.339,-2.128,-0.404,11.597,35.461,-32.837
-0.267,-2.133,-0.409,34.912,44.556,-38.513
-0.192,-2.084,-0.407,54.382,59.143,-48.706
-0.115,-1.977,-0.385,66.711,75.256,-63.416
-0.039,-1.834,-0.336,72.571,91.736,-81.726
-0.015,-1.661,-0.262,72.937,107.239,-102.722
-0.019,-1.484,-0.174,69.763,122.009,-123.596
-0.038,-1.329,-0.076,68.542,134.583,-140.747
-0.082,-1.193,0.034,75.134,143.982,-150.024
-0.157,-1.045,0.182,91.125,151.001,-149.719
-0.253,-0.904,0.356,115.479,156.799,-142.334
-0.360,-0.747,0.512,144.104,160.522,-129.517
-0.453,-0.559,0.712,172.058,161.133,-115.417
-0.548,-0.295,0.978,192.688,160.156,-104.370
-0.673,-0.018,1.271,201.416,159.790,-97.717
-0.830,0.234,1.579,197.021,159.729,-92.590
-1.005,0.439,1.897,180.115,158.630,-87.158
-1.176,0.568,2.131,155.396,154.297,-80.811
-1.371,0.612,2.280,128.357,143.555,-75.745
-1.557,0.667,2.396,99.304,127.441,-73.853
-1.726,0.736,2.455,73.181,111.145,-74.280
-1.885,0.812,2.496,52.917,90.637,-75.012
-1.995,0.856,2.505,37.231,63.843,-71.594
-2.035,0.865,2.482,24.353,34.058,-61.707
-2.069,0.821,2.401,13.916,3.296,-47.607
-2.028,0.754,2.247,5.493,-25.513,-33.569
-1.919,0.522,2.115,-1.587,-52.979,-6.714
-2.097,0.469,1.890,-9.155,-74.646,28.503
-2.104,0.383,1.673,-11.597,-85.022,28.137
-2.038,0.260,1.531,-13.855,-99.304,15.076
-1.876,0.139,1.448,-18.616,-118.469,-6.226
-1.716,0.071,1.356,-24.658,-134.521,-20.325
-1.574,0.033,1.238,-31.372,-149.902,-27.954
-1.435,0.022,1.097,-37.415,-166.321,-33.325
-1.258,0.005,0.947,-41.199,-181.274,-37.109
-1.076,-0.002,0.800,-41.687,-195.496,-39.795
-0.927,-0.000,0.661,-38.940,-206.726,-39.734
-0.825,0.007,0.534,-35.217,-213.257,-35.706
-0.717,-0.003,0.396,-32.043,-215.271,-29.297
-0.628,-0.015,0.246,-31.128,-214.233,-22.461
-0.560,-0.023,0.120,-32.715,-209.473,-16.785
-0.505,-0.044,0.007,-34.851,-201.721,-12.207
-0.474,-0.081,-0.096,-38.025,-192.749,-8.545
-0.444,-0.133,-0.188,-41.687,-183.105,-6.042
-0.404,-0.194,-0.282,-44.739,-173.401,-5.066
-0.366,-0.241,-0.387,-46.936,-163.818,-6.348
-0.311,-0.268,-0.476,-46.997,-156.372,-8.972
-0.290,-0.285,-0.531,-42.053,-155.212,-9.033
-0.235,-0.323,-0.614,-26.733,-153.687,-6.714
-0.223,-0.257,-0.682,-2.930,-148.865,-1.953
-0.201,-0.192,-0.712,20.935,-148.987,6.836
-0.169,-0.157,-0.726,39.734,-145.691,15.442
-0.149,-0.108,-0.740,51.697,-136.963,23.132
-0.113,-0.060,-0.741,56.091,-128.967,29.663
-0.049,-0.020,-0.738,53.406,-120.605,33.508
0.045,-0.007,-0.747,46.082,-109.009,32.532
0.128,-0.013,-0.776,34.973,-93.262,26.001
0.207,-0.012,-0.805,19.348,-74.036,15.381
0.288,0.002,-0.841,0.488,-51.941,3.967
0.346,0.033,-0.881,-18.677,-27.344,-6.104
0.393,0.065,-0.912,-36.560,-1.038,-13.733
0.412,0.091,-0.932,-51.331,26.733,-17.029
0.432,0.115,-0.922,-62.622,54.382,-14.954
0.454,0.123,-0.908,-70.374,81.787,-8.606
0.484,0.116,-0.856,-73.975,109.192,1.038
0.501,0.121,-0.774,-74.158,135.803,14.282
0.481,0.131,-0.691,-71.167,160.095,28.564
0.459,0.119,-0.604,-65.125,180.969,42.969
0.448,0.094,-0.517,-56.030,197.266,57.983
0.411,0.058,-0.421,-45.288,208.984,74.585
0.352,-0.012,-0.309,-35.034,216.553,93.140
0.317,-0.117,-0.176,-27.283,221.436,111.145
0.271,-0.222,-0.029,-24.841,226.868,124.634
0.174,-0.325,0.110,-25.696,235.168,131.592
0.053,-0.448,0.297,-29.419,243.103,135.254
-0.095,-0.569,0.502,-33.569,248.596,136.169
-0.269,-0.658,0.679,-34.546,253.540,136.047
-0.455,-0.744,0.868,-30.273,255.493,134.644
-0.644,-0.806,1.000,-23.437,251.282,130.188
-0.766,-0.870,1.055,-16.907,240.967,123.352
-1.033,-0.921,1.203,-11.902,225.830,115.479
-1.185,-1.014,1.312,-5.188,207.703,115.173
-1.313,-1.144,1.421,0.793,191.589,116.760
-1.406,-1.284,1.523,2.136,177.490,112.305
-1.485,-1.336,1.576,-1.282,161.865,98.022
-1.552,-1.277,1.614,-10.376,143.066,73.120
-1.576,-1.147,1.606,-24.902,122.437,42.664
-1.539,-1.010,1.528,-41.077,100.220,14.343
-1.493,-0.909,1.455,-54.504,76.477,-5.676
-1.467,-0.851,1.372,-60.791,52.917,-14.526
-1.427,-0.852,1.305,-57.922,33.081,-12.878
-1.414,-0.863,1.271,-47.424,15.198,-5.432
-1.380,-0.896,1.266,-32.288,-0.977,5.249
-1.386,-0.944,1.266,-16.174,-13.916,14.893
-1.386,-0.944,1.242,-3.174,-22.095,16.052
-1.336,-0.906,1.178,5.615,-25.391,11.169
-1.272,-0.832,1.097,9.033,-27.832,2.441
-1.199,-0.759,1.001,8.118,-30.090,-6.531
-1.123,-0.699,0.910,4.578,-32.471,-15.686
-1.035,-0.656,0.825,-1.892,-34.546,-24.414
-0.963,-0.614,0.765,-10.864,-35.889,-32.471
-0.905,-0.569,0.716,-20.386,-35.095,-39.551
-0.864,-0.524,0.685,-29.968,-33.142,-44.739

-0.524,-1.905,-0.391,-95.825,73.242,2.014
-0.478,-2.010,-0.453,-91.858,73.975,-13.123
-0.449,-2.085,-0.499,-80.750,72.754,-32.532
-0.419,-2.097,-0.516,-58.594,68.665,-49.011
-0.389,-2.067,-0.541,-26.611,65.796,-56.580
-0.362,-1.994,-0.585,7.202,68.176,-55.237
-0.267,-1.941,-0.631,42.603,77.087,-48.828
-0.178,-1.931,-0.609,74.585,87.524,-42.542
-0.073,-1.910,-0.553,99.854,102.417,-40.222
0.033,-1.838,-0.419,119.019,120.850,-44.434
0.075,-1.704,-0.237,129.272,141.907,-56.824
0.083,-1.521,-0.036,131.042,166.748,-76.294
0.018,-1.329,0.181,127.502,189.636,-98.083
-0.078,-1.124,0.461,123.108,205.200,-117.004
-0.188,-0.921,0.782,123.413,214.294,-128.479
-0.289,-0.725,1.026,130.676,221.375,-129.578
-0.419,-0.508,1.312,141.296,222.595,-119.263
-0.553,-0.338,1.547,150.635,220.764,-101.929
-0.707,-0.167,1.792,153.503,218.140,-85.754
-0.879,-0.010,2.047,148.376,211.548,-76.965
-1.073,0.189,2.303,136.719,198.608,-73.242
-1.347,0.358,2.579,121.399,176.941,-69.763
-1.562,0.476,2.762,104.736,156.250,-65.369
-1.727,0.529,2.882,85.571,129.089,-58.411
-1.844,0.504,2.896,64.636,94.482,-52.612
-1.888,0.431,2.773,42.053,58.838,-47.791
-1.914,0.364,2.523,18.555,25.208,-47.852
-1.932,0.288,2.228,-1.526,-3.662,-50.232
-1.930,0.237,1.936,-18.127,-28.076,-50.659
-1.917,0.214,1.686,-29.114,-52.124,-48.096
-1.900,0.181,1.510,-33.997,-77.209,-41.077
-1.859,0.133,1.408,-34.729,-100.769,-29.907
-1.787,0.049,1.346,-32.227,-122.192,-16.602
-1.718,-0.041,1.295,-28.198,-137.146,-9.338
-1.641,-0.122,1.195,-24.353,-140.808,-9.338
-1.557,-0.189,1.045,-23.621,-139.343,-15.747
-1.451,-0.224,0.900,-25.879,-139.893,-26.001
-1.350,-0.211,0.780,-31.982,-146.667,-36.377
-1.256,-0.187,0.681,-40.527,-155.640,-44.373
-1.156,-0.167,0.567,-49.255,-164.734,-48.645
-1.031,-0.159,0.463,-56.519,-173.889,-50.415
-0.909,-0.141,0.369,-60.608,-183.350,-50.842
-0.797,-0.121,0.283,-61.218,-191.467,-50.171
-0.694,-0.101,0.186,-58.716,-196.655,-48.279
-0.600,-0.085,0.081,-52.734,-200.134,-45.105
-0.521,-0.068,-0.009,-44.434,-201.599,-39.856
-0.453,-0.061,-0.089,-35.400,-199.341,-33.508
-0.378,-0.054,-0.203,-26.367,-191.833,-26.733
-0.321,-0.049,-0.308,-18.433,-181.335,-19.897
-0.263,-0.046,-0.402,-11.047,-168.457,-13.245
-0.227,-0.048,-0.486,-4.578,-154.236,-6.775
-0.220,-0.044,-0.549,0.549,-138.977,0.244
-0.205,-0.043,-0.589,5.859,-122.131,7.751
-0.190,-0.054,-0.592,10.437,-107.605,14.404
-0.187,-0.074,-0.603,14.587,-96.619,20.081
-0.185,-0.080,-0.596,16.296,-89.478,23.499
-0.153,-0.087,-0.613,15.076,-84.717,23.804
-0.110,-0.088,-0.661,11.414,-79.529,20.386
-0.075,-0.084,-0.727,6.348,-74.341,15.930
-0.030,-0.089,-0.786,-0.488,-70.251,11.963
0.052,-0.089,-0.865,-6.897,-65.491,8.667
0.173,-0.084,-0.946,-11.230,-55.908,7.812
0.263,-0.066,-0.997,-15.625,-40.405,8.850
0.351,-0.034,-0.983,-21.179,-16.602,8.240
0.462,0.021,-0.960,-27.466,13.916,5.615
0.543,0.073,-0.925,-34.668,45.837,1.343
0.585,0.130,-0.862,-43.396,77.148,-2.380
0.624,0.208,-0.800,-52.673,108.215,-3.174
0.663,0.286,-0.730,-59.753,137.207,0.366
0.671,0.353,-0.644,-62.317,163.208,9.888
0.637,0.402,-0.534,-61.340,187.134,27.954
0.583,0.434,-0.405,-60.669,208.130,54.993
0.569,0.358,-0.281,-59.143,228.210,88.806
0.501,0.155,-0.114,-55.664,246.155,123.169
0.393,-0.120,0.075,-47.241,260.864,154.175
0.322,-0.422,0.236,-34.424,275.696,178.101
0.160,-0.717,0.393,-24.231,285.400,194.580
-0.011,-0.977,0.542,-18.738,283.752,196.960
-0.216,-1.140,0.730,-20.081,274.414,181.091
-0.490,-1.214,1.004,-27.588,260.254,155.212
-0.740,-1.284,1.268,-32.593,250.305,133.850
-0.936,-1.321,1.495,-36.255,242.737,115.967
-1.115,-1.301,1.713,-41.870,231.445,95.886
-1.304,-1.264,1.905,-47.974,214.355,72.754
-1.439,-1.203,2.005,-52.246,193.237,48.889
-1.497,-1.115,1.955,-54.382,168.335,28.381
-1.484,-1.056,1.807,-56.030,138.306,13.733
-1.425,-1.030,1.683,-57.678,106.506,5.554
-1.359,-1.048,1.557,-55.054,78.247,3.601
-1.317,-1.071,1.470,-47.607,51.697,8.484
-1.331,-1.094,1.465,-36.926,29.541,14.404
-1.336,-1.113,1.462,-25.024,17.273,16.235
-1.353,-1.097,1.438,-16.724,5.310,12.573
-1.327,-1.054,1.408,-15.198,-8.423,5.920
-1.269,-1.001,1.374,-17.761,-19.714,-3.479
-1.262,-0.898,1.313,-22.827,-26.794,-15.808
-1.154,-0.821,1.233,-27.588,-33.020,-23.499
-1.110,-0.757,1.154,-30.212,-38.818,-32.288
-1.070,-0.670,1.072,-30.884,-41.016,-38.391
-1.041,-0.608,1.002,-28.992,-41.992,-39.673
-1.001,-0.558,0.954,-23.865,-43.030,-36.560
-0.964,-0.526,0.898,-15.320,-42.114,-31.616
-0.931,-0.509,0.849,-6.409,-40.405,-25.879
-0.908,-0.498,0.807,0.854,-40.100,-20.813
-0.888,-0.494,0.775,5.493,-42.053,-16.846
-0.856,-0.514,0.752,7.935,-45.166,-14.832
-0.833,-0.531,0.726,9.521,-48.950,-15.259
-0.819,-0.516,0.699,11.475,-52.856,-17.639
-0.808,-0.487,0.671,12.878,-55.786,-19.775
-0.791,-0.456,0.649,13.367,-56.641,-20.874
-0.781,-0.441,0.634,13.611,-55.908,-21.179
-0.775,-0.437,0.611,13.733,-53.772,-21.301
-0.765,-0.437,0.576,13.306,-50.781,-22.156
-0.754,-0.429,0.543,11.719,-47.729,-24.048
-0.741,-0.406,0.510,9.277,-44.800,-26.611
-0.732,-0.379,0.477,6.775,-42.358,-29.114
-0.723,-0.354,0.451,4.395,-40.833,-30.762
-0.708,-0.326,0.423,2.502,-40.161,-31.311
-0.696,-0.299,0.391,0.977,-39.856,-30.884

-1.069,-0.939,1.080,-61.829,119.324,184.998
-1.218,-1.053,1.073,-73.486,99.365,161.011
-1.371,-1.122,1.023,-92.590,75.439,131.226
-1.319,-1.247,0.892,-115.540,51.514,108.459
-1.218,-1.399,0.795,-135.498,28.259,89.417
-1.099,-1.513,0.706,-147.644,10.498,71.533
-1.004,-1.580,0.654,-151.001,-1.770,57.068
-0.940,-1.622,0.621,-147.766,-8.972,45.715
-0.878,-1.644,0.569,-139.099,-11.536,36.804
-0.827,-1.657,0.519,-126.587,-11.169,29.663
-0.799,-1.691,0.472,-113.831,-7.935,22.278
-0.765,-1.750,0.410,-103.516,-1.709,13.611
-0.711,-1.801,0.335,-95.703,2.747,3.845
-0.630,-1.876,0.240,-87.036,5.615,-5.798
-0.542,-1.960,0.133,-76.416,5.310,-14.709
-0.464,-2.045,0.005,-63.721,1.892,-21.729
-0.318,-2.105,-0.140,-50.110,-4.517,-26.917
-0.182,-2.132,-0.289,-34.973,-5.859,-34.180
-0.051,-2.105,-0.427,-18.616,-2.991,-41.443
0.069,-2.054,-0.534,-1.892,3.967,-49.316
0.136,-1.995,-0.644,14.648,13.489,-58.105
0.184,-1.925,-0.735,31.128,26.917,-64.575
0.235,-1.859,-0.743,46.204,46.082,-68.604
0.238,-1.821,-0.666,57.922,71.960,-72.144
0.225,-1.795,-0.535,69.519,103.271,-75.745
0.185,-1.758,-0.354,83.740,134.155,-82.214
0.112,-1.693,-0.120,100.342,159.607,-90.881
0.027,-1.562,0.121,118.164,177.917,-99.976
-0.074,-1.358,0.363,134.216,188.110,-110.901
-0.175,-1.069,0.638,144.897,192.017,-123.169
-0.252,-0.749,0.883,151.917,196.045,-134.949
-0.432,-0.376,1.162,154.297,197.327,-143.005
-0.591,-0.042,1.475,155.151,198.425,-143.677
-0.782,0.253,1.822,154.175,195.618,-133.240
-0.981,0.446,2.123,152.710,187.805,-112.427
-1.143,0.528,2.357,149.231,174.194,-86.853
-1.335,0.518,2.581,138.611,148.071,-63.171
-1.553,0.482,2.677,122.681,120.544,-48.401
-1.759,0.461,2.671,100.525,90.210,-44.617
-1.910,0.443,2.611,72.693,60.608,-48.767
-1.967,0.414,2.506,45.471,33.020,-54.871
-2.020,0.387,2.386,24.719,7.324,-61.157
-2.021,0.351,2.271,10.132,-16.724,-63.904
-1.975,0.328,2.128,-0.610,-40.527,-60.974
-1.897,0.265,1.960,-9.033,-64.697,-54.810
-1.791,0.178,1.754,-15.930,-88.745,-46.997
-1.703,0.088,1.521,-21.362,-108.765,-39.429
-1.649,-0.006,1.282,-24.231,-124.695,-33.569
-1.583,-0.119,1.071,-25.391,-136.230,-29.541
-1.500,-0.233,0.911,-25.330,-145.874,-27.161
-1.407,-0.309,0.790,-23.499,-154.114,-28.748
-1.304,-0.341,0.705,-21.667,-160.278,-35.278
-1.202,-0.327,0.628,-21.362,-165.466,-44.922
-1.100,-0.294,0.563,-22.705,-171.387,-54.443
-0.999,-0.251,0.496,-24.902,-178.162,-62.500
-0.892,-0.204,0.422,-27.405,-185.608,-67.444
-0.792,-0.162,0.331,-29.724,-192.017,-70.129
-0.698,-0.138,0.221,-31.433,-196.655,-71.594
-0.615,-0.120,0.098,-33.264,-199.036,-71.533
-0.520,-0.119,-0.038,-34.668,-199.585,-70.374
-0.414,-0.116,-0.166,-33.752,-199.219,-67.993
-0.327,-0.094,-0.275,-29.907,-196.777,-64.514
-0.252,-0.066,-0.371,-24.231,-190.613,-59.753
-0.192,-0.034,-0.450,-17.151,-180.908,-53.894
-0.172,0.005,-0.532,-9.766,-170.349,-47.058
-0.169,0.034,-0.579,-1.709,-158.142,-37.964
-0.170,0.052,-0.616,5.920,-142.700,-25.574
-0.186,0.055,-0.633,12.573,-127.258,-10.864
-0.212,0.025,-0.647,18.494,-112.610,4.944
-0.229,-0.026,-0.666,23.010,-99.365,19.653
-0.225,-0.067,-0.684,24.597,-88.379,28.748
-0.210,-0.088,-0.685,21.851,-79.773,30.762
-0.184,-0.105,-0.680,14.832,-72.815,28.198
-0.142,-0.128,-0.687,6.287,-66.040,22.400
-0.086,-0.134,-0.709,-1.831,-59.570,15.808
-0.011,-0.135,-0.748,-7.874,-51.270,10.010
0.084,-0.111,-0.811,-12.085,-39.551,6.226
0.175,-0.067,-0.885,-16.479,-23.682,3.601
0.230,-0.009,-0.935,-23.254,-4.578,0.732
0.268,0.042,-0.961,-34.302,19.470,-2.441
0.285,0.082,-0.943,-49.438,47.791,-4.395
0.281,0.100,-0.884,-66.101,78.186,-3.845
0.278,0.080,-0.812,-79.163,108.643,0.549
0.275,0.056,-0.720,-85.327,135.742,10.254
0.261,0.041,-0.608,-83.740,157.288,24.719
0.246,0.040,-0.495,-74.036,174.866,43.152
0.200,0.012,-0.389,-58.411,187.744,65.247
0.140,-0.045,-0.256,-42.175,197.571,90.332
0.097,-0.136,-0.099,-28.748,205.261,116.150
0.061,-0.227,0.059,-18.921,213.501,140.747
0.020,-0.343,0.202,-12.573,222.351,162.048
-0.044,-0.523,0.375,-9.399,229.431,175.354
-0.136,-0.674,0.526,-10.986,234.985,179.382
-0.263,-0.817,0.653,-16.052,236.755,171.936
-0.401,-0.852,0.785,-26.672,229.004,152.222
-0.588,-0.811,0.908,-41.199,212.341,123.596
-0.811,-0.828,1.042,-56.824,193.787,96.008
-0.949,-0.962,1.136,-67.200,180.298,77.393
-1.117,-1.113,1.207,-71.960,167.419,66.589
-1.201,-1.255,1.238,-73.486,151.672,63.965
-1.244,-1.312,1.253,-73.364,134.277,60.974
-1.254,-1.237,1.236,-71.899,117.004,52.246
-1.245,-1.054,1.226,-71.899,98.267,36.072
-1.254,-0.874,1.228,-77.026,79.651,15.564
-1.256,-0.748,1.210,-83.313,65.125,-1.099
-1.244,-0.703,1.164,-84.167,54.016,-8.484
-1.216,-0.720,1.145,-78.430,43.701,-4.883
-1.205,-0.789,1.170,-62.927,36.438,6.287
-1.213,-0.824,1.189,-41.626,32.776,16.479
-1.231,-0.830,1.194,-22.705,29.297,21.179
-1.230,-0.802,1.185,-11.414,25.452,20.752
-1.203,-0.758,1.162,-7.629,20.935,15.381
-1.156,-0.709,1.125,-8.911,15.625,7.446
-1.101,-0.666,1.077,-11.658,10.437,-0.427
-1.063,-0.618,1.035,-14.282,4.456,-7.019
-1.040,-0.578,0.989,-15.869,-0.854,-12.146
-1.019,-0.570,0.939,-15.625,-6.409,-14.893
-0.995,-0.578,0.892,-13.916,-12.817,-14.160
-0.967,-0.590,0.845,-10.803,-18.860,-10.986

-0.889,-1.539,0.407,-128.723,43.274,98.206
-0.957,-1.703,0.403,-122.375,47.546,92.896
-1.008,-1.876,0.362,-118.408,49.377,83.313
-1.017,-2.024,0.292,-115.173,48.279,67.566
-0.983,-2.163,0.231,-111.023,46.326,47.485
-0.968,-2.277,0.210,-102.844,43.884,25.818
-0.925,-2.337,0.158,-87.463,41.565,6.226
-0.834,-2.360,0.120,-63.049,37.476,-5.432
-0.721,-2.363,0.060,-33.142,32.043,-9.644
-0.599,-2.364,0.013,-4.517,27.710,-9.521
-0.468,-2.370,-0.047,19.409,29.236,-9.644
-0.369,-2.390,-0.087,34.180,35.095,-15.808
-0.282,-2.414,-0.103,38.635,44.800,-30.457
-0.188,-2.406,-0.104,37.598,56.824,-52.185
-0.095,-2.334,-0.082,35.828,68.909,-78.186
-0.040,-2.196,-0.040,36.865,80.750,-105.713
-0.035,-2.024,0.010,43.884,91.492,-130.249
-0.035,-1.817,0.079,57.800,99.304,-146.484
-0.039,-1.613,0.180,77.820,103.271,-152.588
-0.050,-1.428,0.301,102.417,106.018,-149.109
-0.055,-1.265,0.405,130.005,110.352,-139.099
-0.054,-1.103,0.497,153.564,116.150,-126.648
-0.089,-0.954,0.606,168.030,121.277,-116.516
-0.176,-0.790,0.724,172.791,127.380,-111.328
-0.299,-0.589,0.823,169.922,135.803,-113.342
-0.450,-0.332,0.970,162.354,141.663,-122.009
-0.632,-0.015,1.207,153.320,141.663,-131.897
-0.786,0.306,1.471,145.874,140.259,-136.292
-0.907,0.571,1.755,140.442,137.756,-130.371
-1.037,0.731,2.021,133.911,132.996,-113.342
-1.183,0.809,2.186,126.465,125.549,-89.294
-1.375,0.836,2.222,115.723,112.793,-67.566
-1.576,0.885,2.171,98.206,93.323,-54.565
-1.751,0.949,2.130,76.172,68.848,-51.025
-1.847,1.003,2.111,54.138,42.786,-50.049
-1.924,1.002,2.121,35.645,18.311,-45.654
-1.967,0.912,2.088,21.912,-1.099,-39.307
-1.965,0.760,2.025,11.230,-19.165,-29.419
-1.966,0.572,1.901,2.808,-37.842,-20.020
-1.981,0.395,1.663,-4.272,-51.575,-13.550
-1.936,0.240,1.412,-10.437,-61.340,-12.939
-1.856,0.148,1.253,-16.724,-75.562,-18.066
-1.769,0.120,1.176,-21.179,-93.689,-23.743
-1.691,0.135,1.162,-23.376,-110.840,-25.757
-1.597,0.144,1.146,-26.550,-124.573,-25.024
-1.492,0.102,1.075,-31.433,-136.047,-24.109
-1.365,0.018,0.962,-37.170,-147.583,-22.888
-1.209,-0.065,0.841,-41.931,-160.400,-22.095
-1.068,-0.124,0.718,-44.128,-171.753,-22.156
-0.958,-0.159,0.582,-43.640,-177.429,-23.437
-0.870,-0.170,0.464,-42.664,-178.223,-25.208
-0.796,-0.166,0.357,-42.480,-176.636,-27.039
-0.731,-0.148,0.262,-42.603,-174.133,-28.625
-0.677,-0.130,0.182,-43.640,-171.387,-28.381
-0.644,-0.116,0.098,-45.288,-168.152,-26.306
-0.618,-0.122,-0.013,-47.363,-164.001,-23.071
-0.599,-0.151,-0.141,-49.744,-160.400,-19.470
-0.551,-0.202,-0.280,-51.880,-158.508,-14.709
-0.486,-0.237,-0.398,-51.880,-159.790,-7.996
-0.426,-0.265,-0.494,-47.546,-160.767,-0.793
-0.375,-0.282,-0.567,-38.635,-158.752,6.592
-0.318,-0.305,-0.609,-27.405,-152.161,13.367
-0.284,-0.337,-0.645,-15.015,-140.930,18.188
-0.249,-0.356,-0.671,-1.221,-126.465,20.386
-0.234,-0.364,-0.692,12.207,-110.596,20.996
-0.223,-0.341,-0.698,23.560,-94.727,19.714
-0.190,-0.306,-0.701,29.602,-79.773,18.555
-0.215,-0.251,-0.693,30.579,-69.885,16.907
-0.169,-0.201,-0.682,29.846,-57.373,14.893
-0.149,-0.152,-0.705,27.466,-46.875,11.230
-0.117,-0.112,-0.720,20.935,-40.039,7.690
-0.085,-0.087,-0.738,13.062,-32.410,4.272
-0.057,-0.064,-0.761,6.165,-22.888,3.357
-0.035,-0.049,-0.771,0.366,-11.780,5.371
0.013,-0.048,-0.760,-5.432,0.305,9.277
0.084,-0.062,-0.734,-10.681,13.245,14.038
0.154,-0.083,-0.719,-15.259,27.161,18.494
0.224,-0.093,-0.726,-20.081,42.358,21.057
0.281,-0.092,-0.720,-26.917,57.190,21.301
0.338,-0.094,-0.717,-35.645,72.327,20.325
0.402,-0.076,-0.713,-44.067,89.783,19.348
0.432,-0.023,-0.698,-51.208,109.558,18.982
0.437,0.018,-0.659,-58.105,131.165,19.714
0.405,0.041,-0.572,-67.261,151.855,23.132
0.360,0.030,-0.479,-75.500,171.875,30.640
0.299,-0.027,-0.347,-79.834,191.101,42.847
0.219,-0.154,-0.181,-78.979,206.177,59.204
0.132,-0.298,0.008,-71.777,217.224,76.660
0.029,-0.436,0.206,-59.204,225.342,91.797
-0.078,-0.547,0.375,-42.419,231.323,101.807
-0.206,-0.629,0.517,-24.597,233.154,105.225
-0.324,-0.673,0.619,-9.521,231.384,104.736
-0.461,-0.697,0.774,-1.465,225.098,101.013
-0.664,-0.712,0.958,1.526,216.187,95.642
-0.810,-0.710,1.079,1.038,208.557,94.666
-0.955,-0.731,1.170,-6.836,200.317,91.370
-1.088,-0.765,1.217,-20.691,191.833,80.811
-1.198,-0.827,1.219,-37.720,184.082,64.209
-1.311,-0.890,1.206,-54.016,174.011,44.250
-1.390,-0.969,1.209,-66.040,160.767,26.123
-1.420,-1.021,1.228,-71.106,143.555,12.329
-1.417,-1.036,1.256,-69.153,123.474,3.052
-1.399,-1.018,1.300,-61.157,101.685,-1.099
-1.399,-0.992,1.367,-47.852,80.688,0.061
-1.386,-0.942,1.376,-31.433,64.392,4.211
-1.357,-0.874,1.334,-16.724,52.246,6.226
-1.353,-0.780,1.305,-7.812,40.466,4.700
-1.327,-0.696,1.297,-3.113,28.931,4.211
-1.294,-0.630,1.290,0.427,20.691,2.808
-1.246,-0.587,1.285,3.479,14.893,4.089
-1.207,-0.562,1.284,6.592,10.132,6.775
-1.174,-0.551,1.279,8.850,6.531,9.949
-1.131,-0.557,1.275,9.583,3.967,13.794
-1.088,-0.583,1.269,8.118,1.526,15.869
-1.071,-0.615,1.245,4.089,-0.732,13.794
-1.068,-0.645,1.187,-1.526,-2.808,7.629
-1.044,-0.656,1.104,-7.874,-6.226,-0.610
-1.021,-0.645,1.024,-13.123,-12.573,-9.277
-0.995,-0.607,0.957,-16.968,-19.104,-16.785

-0.747,-1.812,0.093,-168.762,24.963,101.013
-0.738,-1.840,0.073,-145.325,19.531,95.520
-0.741,-1.831,0.068,-120.239,23.376,91.125
-0.756,-1.871,0.044,-98.633,32.471,86.304
-0.773,-1.992,0.015,-83.984,42.053,78.247
-0.772,-2.153,-0.029,-75.928,51.025,65.308
-0.764,-2.314,-0.067,-70.190,61.218,45.898
-0.780,-2.464,-0.115,-63.599,72.571,21.606
-0.785,-2.579,-0.170,-54.199,81.482,-2.869
-0.760,-2.631,-0.213,-41.016,85.205,-25.635
-0.724,-2.647,-0.220,-24.475,84.351,-46.265
-0.701,-2.628,-0.214,-4.822,82.581,-63.782
-0.593,-2.545,-0.211,20.142,81.055,-75.684
-0.477,-2.425,-0.177,50.354,81.482,-83.679
-0.363,-2.279,-0.083,79.224,87.524,-89.172
-0.272,-2.119,0.055,103.821,99.365,-95.947
-0.200,-1.933,0.200,121.704,114.929,-106.079
-0.165,-1.696,0.369,130.737,131.042,-120.667
-0.182,-1.437,0.551,131.470,146.240,-139.709
-0.232,-1.207,0.706,129.700,158.569,-158.325
-0.284,-1.011,0.855,130.493,165.100,-169.006
-0.330,-0.826,1.001,138.611,163.818,-169.617
-0.407,-0.600,1.167,153.809,156.982,-160.156
-0.513,-0.340,1.364,171.448,146.362,-143.799
-0.624,-0.084,1.599,186.646,134.521,-123.230
-0.737,0.142,1.851,195.557,121.643,-101.074
-0.857,0.355,2.096,196.045,108.582,-79.590
-0.999,0.514,2.341,187.683,95.703,-62.439
-1.179,0.624,2.533,169.678,82.153,-48.950
-1.358,0.694,2.599,143.738,69.824,-39.917
-1.546,0.747,2.596,111.755,54.321,-38.635
-1.728,0.809,2.570,77.698,32.593,-43.213
-1.850,0.835,2.522,47.852,5.920,-47.424
-1.923,0.805,2.436,25.269,-18.921,-48.401
-1.951,0.712,2.300,9.521,-39.185,-45.044
-1.954,0.573,2.131,-2.625,-56.763,-41.077
-1.888,0.409,1.935,-14.221,-71.777,-37.048
-1.800,0.259,1.722,-23.621,-85.999,-34.363
-1.718,0.151,1.500,-31.555,-101.868,-33.081
-1.648,0.070,1.297,-37.170,-118.347,-31.311
-1.560,-0.002,1.109,-39.429,-133.911,-27.893
-1.437,-0.064,0.967,-38.452,-148.743,-24.719
-1.321,-0.107,0.880,-34.363,-162.109,-22.827
-1.238,-0.136,0.825,-28.625,-171.204,-20.142
-1.180,-0.161,0.770,-23.254,-174.072,-17.334
-1.136,-0.191,0.691,-20.569,-173.645,-16.174
-1.074,-0.238,0.601,-21.240,-173.706,-17.395
-0.984,-0.285,0.493,-23.987,-175.903,-20.813
-0.884,-0.319,0.382,-26.855,-179.626,-25.024
-0.793,-0.339,0.271,-30.273,-182.922,-29.480
-0.703,-0.354,0.141,-33.875,-184.082,-33.752
-0.613,-0.356,0.023,-38.147,-183.289,-37.415
-0.536,-0.357,-0.066,-42.175,-181.274,-39.734
-0.472,-0.362,-0.152,-43.152,-177.124,-40.649
-0.415,-0.357,-0.242,-39.673,-170.471,-39.063
-0.363,-0.357,-0.325,-30.823,-162.598,-35.706
-0.328,-0.350,-0.404,-18.555,-154.236,-31.311
-0.289,-0.319,-0.463,-5.371,-145.081,-26.428
-0.251,-0.265,-0.502,7.568,-136.414,-22.339
-0.235,-0.203,-0.514,18.616,-128.662,-19.287
-0.238,-0.139,-0.520,26.184,-120.728,-16.602
-0.238,-0.098,-0.531,30.212,-111.694,-13.733
-0.231,-0.073,-0.554,30.212,-104.370,-11.414
-0.204,-0.056,-0.573,27.588,-99.548,-10.071
-0.193,-0.050,-0.603,23.804,-95.764,-9.705
-0.164,-0.034,-0.626,19.714,-90.393,-8.911
-0.117,-0.019,-0.638,15.625,-82.947,-9.277
-0.080,0.002,-0.652,11.963,-75.928,-10.498
-0.029,0.029,-0.672,8.728,-68.420,-11.353
0.026,0.073,-0.713,5.371,-59.814,-10.803
0.073,0.112,-0.766,0.916,-49.927,-10.254
0.120,0.148,-0.808,-5.371,-39.429,-10.071
0.173,0.180,-0.850,-13.733,-26.733,-9.583
0.217,0.220,-0.878,-25.391,-10.803,-8.484
0.253,0.236,-0.882,-39.490,8.789,-7.568
0.286,0.241,-0.871,-53.894,32.166,-6.348
0.302,0.231,-0.865,-67.078,56.763,-4.272
0.307,0.221,-0.866,-77.820,81.604,-0.671
0.324,0.206,-0.847,-85.999,104.553,6.775
0.345,0.173,-0.810,-88.440,123.718,17.761
0.356,0.128,-0.779,-84.167,140.015,32.043
0.374,0.090,-0.761,-75.500,155.334,50.415
0.411,0.050,-0.711,-64.941,170.349,72.510
0.421,-0.002,-0.604,-57.556,187.561,94.910
0.391,-0.108,-0.452,-55.725,209.534,112.671
0.344,-0.237,-0.259,-57.129,232.666,124.390
0.260,-0.390,-0.038,-57.251,250.854,128.174
0.138,-0.543,0.198,-53.467,262.207,124.390
0.016,-0.543,0.403,-48.584,267.395,116.516
-0.133,-0.505,0.567,-41.321,266.968,107.544
-0.303,-0.528,0.745,-32.593,260.254,105.591
-0.426,-0.621,0.897,-22.400,251.038,115.540
-0.528,-0.743,1.039,-14.160,242.249,133.240
-0.654,-0.964,1.236,-8.118,233.521,150.330
-0.799,-1.213,1.389,-3.296,226.318,154.968
-0.906,-1.318,1.549,-6.470,218.079,140.442
-1.230,-1.296,1.722,-20.813,205.566,99.854
-1.576,-1.187,1.790,-40.710,188.171,44.189
-1.713,-1.118,1.696,-59.631,161.560,-3.235
-1.654,-1.135,1.575,-73.792,121.399,-28.381
-1.482,-1.240,1.508,-74.280,81.055,-29.297
-1.363,-1.288,1.446,-56.458,46.021,-16.357
-1.342,-1.226,1.412,-29.053,21.362,-3.052
-1.363,-1.096,1.373,-2.686,6.836,5.859
-1.358,-0.948,1.339,11.902,-2.686,8.179
-1.324,-0.811,1.286,11.780,-7.935,2.197
-1.260,-0.695,1.228,1.099,-8.179,-9.766
-1.176,-0.584,1.167,-12.756,-5.310,-23.376
-1.095,-0.497,1.107,-22.766,-0.977,-33.936
-1.033,-0.440,1.069,-27.466,3.784,-38.391
-1.003,-0.407,1.060,-27.588,8.667,-36.682
-1.009,-0.399,1.069,-24.231,11.169,-30.579
-1.014,-0.417,1.072,-18.982,9.277,-20.874
-1.025,-0.449,1.074,-14.893,2.075,-10.193
-1.032,-0.508,1.049,-13.367,-6.653,-2.563
-1.035,-0.558,0.982,-13.000,-16.235,0.122
-1.023,-0.597,0.890,-13.000,-27.100,-1.160
-0.999,-0.613,0.791,-12.390,-36.011,-4.578
-0.962,-0.593,0.699,-11.108,-41.138,-8.057

-0.785,-0.858,1.182,-51.880,141.357,194.763
-0.768,-1.024,0.960,-45.593,112.427,200.684
-0.733,-1.186,0.765,-48.340,88.013,196.411
-0.690,-1.391,0.601,-53.223,70.679,185.120
-0.665,-1.590,0.497,-56.213,58.777,170.471
-0.654,-1.778,0.487,-58.411,52.307,156.921
-0.679,-1.991,0.528,-57.983,54.321,142.456
-0.724,-2.177,0.573,-53.162,62.195,125.122
-0.786,-2.292,0.585,-48.950,70.862,103.088
-0.874,-2.396,0.547,-49.072,80.994,73.181
-0.914,-2.491,0.483,-50.476,89.722,37.903
-0.904,-2.542,0.420,-49.805,93.079,2.930
-0.892,-2.555,0.379,-45.166,91.492,-29.419
-0.866,-2.563,0.315,-33.203,87.524,-55.786
-0.831,-2.529,0.279,-13.000,80.078,-73.547
-0.777,-2.448,0.246,13.489,72.510,-84.717
-0.688,-2.351,0.171,45.471,70.862,-92.590
-0.590,-2.258,0.142,76.599,71.472,-98.633
-0.485,-2.132,0.166,103.455,74.707,-104.431
-0.399,-1.985,0.225,123.962,84.290,-114.624
-0.358,-1.812,0.320,136.108,97.351,-131.226
-0.323,-1.620,0.445,142.334,109.497,-151.855
-0.310,-1.359,0.597,146.057,117.981,-173.279
-0.352,-1.026,0.765,148.865,120.972,-192.566
-0.426,-0.663,0.917,154.358,121.399,-205.383
-0.517,-0.286,1.043,162.964,120.544,-205.872
-0.578,0.089,1.228,174.561,117.004,-192.139
-0.629,0.454,1.529,186.951,108.582,-166.626
-0.684,0.803,1.842,196.899,98.816,-134.033
-0.763,1.071,2.121,199.463,94.421,-100.098
-0.920,1.287,2.400,187.439,92.224,-71.777
-1.135,1.446,2.624,158.264,89.478,-52.490
-1.380,1.546,2.760,116.394,84.595,-42.908
-1.592,1.574,2.780,67.017,75.989,-40.466
-1.714,1.520,2.691,18.250,59.814,-40.710
-1.768,1.382,2.540,-20.874,35.217,-40.894
-1.759,1.190,2.377,-47.058,7.996,-39.490
-1.734,0.987,2.161,-59.692,-13.977,-33.264
-1.707,0.779,1.958,-61.401,-33.997,-20.691
-1.695,0.578,1.759,-57.800,-53.223,-3.296
-1.646,0.361,1.565,-52.246,-72.205,16.235
-1.584,0.132,1.370,-46.692,-92.102,35.156
-1.522,-0.056,1.159,-41.504,-112.061,49.255
-1.441,-0.224,0.985,-37.720,-130.249,55.420
-1.357,-0.355,0.863,-34.912,-147.461,55.725
-1.290,-0.441,0.761,-30.396,-160.950,52.185
-1.237,-0.491,0.705,-24.109,-167.847,45.410
-1.182,-0.500,0.675,-17.456,-170.166,37.292
-1.129,-0.484,0.653,-11.230,-170.349,29.419
-1.078,-0.472,0.607,-5.981,-167.786,20.935
-1.026,-0.468,0.526,-2.380,-163.940,12.512
-0.991,-0.478,0.413,-1.709,-160.950,3.906
-0.965,-0.502,0.267,-4.089,-158.997,-4.639
-0.927,-0.533,0.129,-9.644,-158.936,-13.184
-0.855,-0.567,0.015,-16.602,-160.583,-21.484
-0.759,-0.595,-0.089,-21.179,-161.560,-29.724
-0.670,-0.598,-0.170,-20.264,-161.438,-36.499
-0.603,-0.567,-0.214,-13.672,-160.095,-38.513
-0.535,-0.513,-0.242,-0.122,-156.921,-35.522
-0.471,-0.455,-0.277,19.958,-151.672,-28.809
-0.414,-0.370,-0.290,40.100,-145.020,-20.264
-0.370,-0.272,-0.297,54.626,-135.681,-13.062
-0.359,-0.182,-0.305,62.866,-125.122,-8.545
-0.365,-0.108,-0.301,63.660,-112.671,-6.348
-0.373,-0.041,-0.309,57.922,-99.060,-6.348
-0.395,0.010,-0.335,47.852,-86.914,-9.033
-0.412,0.033,-0.376,34.851,-78.613,-14.038
-0.403,0.029,-0.426,20.386,-73.608,-19.470
-0.374,0.020,-0.470,6.470,-71.228,-24.414
-0.347,0.015,-0.522,-4.578,-69.824,-28.259
-0.324,0.009,-0.580,-11.230,-68.054,-29.663
-0.305,0.000,-0.630,-14.221,-63.782,-26.611
-0.272,-0.016,-0.660,-13.062,-57.007,-19.226
-0.231,-0.025,-0.680,-7.507,-50.110,-8.789
-0.197,-0.018,-0.694,2.258,-42.358,3.845
-0.174,0.005,-0.679,12.512,-32.959,17.456
-0.147,0.029,-0.654,18.494,-21.423,28.137
-0.120,0.056,-0.631,19.470,-7.874,35.583
-0.097,0.084,-0.627,17.029,5.493,40.466
-0.066,0.100,-0.631,9.766,18.860,41.504
-0.035,0.111,-0.661,-1.221,30.762,39.612
0.014,0.108,-0.703,-15.442,42.542,36.255
0.092,0.095,-0.732,-31.982,54.138,31.494
0.180,0.079,-0.735,-48.645,66.040,26.184
0.261,0.073,-0.714,-62.805,80.322,22.095
0.346,0.070,-0.693,-71.899,97.656,19.714
0.429,0.059,-0.645,-74.036,115.906,22.034
0.519,0.036,-0.587,-68.054,133.545,30.884
0.578,0.070,-0.540,-55.908,151.917,45.532
0.602,0.166,-0.487,-43.518,171.021,63.232
0.601,0.278,-0.403,-37.415,189.880,80.688
0.581,0.309,-0.333,-39.429,208.313,98.083
0.547,0.215,-0.212,-44.434,223.206,118.591
0.494,0.032,-0.043,-45.532,234.253,141.357
0.400,-0.249,0.139,-42.053,245.544,166.565
0.335,-0.556,0.366,-39.734,254.822,192.017
0.217,-0.874,0.643,-41.199,265.930,204.407
0.075,-1.237,0.957,-44.922,276.123,201.050
-0.181,-1.540,1.294,-53.650,280.396,176.880
-0.529,-1.581,1.667,-68.909,276.611,129.272
-0.932,-1.380,1.882,-80.811,272.888,69.153
-1.210,-1.171,1.948,-83.801,264.832,21.973
-1.354,-1.065,1.951,-79.041,245.422,-2.991
-1.346,-1.031,1.953,-67.200,214.050,2.625
-1.298,-1.053,1.948,-51.758,177.551,22.766
-1.305,-1.119,1.932,-37.292,140.442,37.415
-1.357,-1.177,1.913,-27.100,104.126,41.626
-1.382,-1.149,1.888,-23.315,71.350,36.743
-1.385,-1.079,1.821,-25.024,43.762,24.597
-1.375,-1.035,1.750,-29.114,21.484,8.972
-1.342,-1.005,1.669,-31.250,4.089,-1.953
-1.298,-0.974,1.587,-28.015,-9.827,-6.592
-1.258,-0.951,1.513,-21.179,-21.118,-7.568
-1.216,-0.923,1.427,-12.695,-28.870,-7.141
-1.162,-0.891,1.327,-5.432,-34.058,-8.240
-1.087,-0.838,1.221,-1.343,-38.330,-12.329
-1.011,-0.767,1.126,-0.549,-41.138,-19.592
-0.932,-0.681,1.029,-2.869,-41.992,-28.381
-0.899,-0.605,0.999,-8.484,-41.748,-37.170

-0.934,-1.480,0.190,-81.909,65.735,69.946
-0.929,-1.663,0.092,-81.848,69.641,61.218
-0.910,-1.909,0.029,-77.942,72.205,51.819
-0.877,-2.203,-0.026,-68.298,74.890,42.786
-0.813,-2.544,-0.080,-51.025,77.576,33.020
-0.791,-2.804,-0.167,-28.259,80.017,20.386
-0.709,-2.915,-0.211,-2.869,83.435,2.808
-0.590,-2.923,-0.232,23.010,91.309,-18.738
-0.430,-2.862,-0.238,46.204,105.835,-44.556
-0.295,-2.714,-0.184,62.317,122.925,-76.294
-0.194,-2.509,-0.068,67.749,138.367,-113.342
-0.109,-2.279,0.047,67.444,155.151,-151.001
-0.052,-2.042,0.244,66.345,169.128,-184.143
-0.050,-1.843,0.532,74.219,176.636,-208.496
-0.057,-1.634,0.765,102.966,183.899,-220.459
-0.100,-1.347,0.973,150.879,185.608,-216.064
-0.130,-1.008,1.197,204.956,179.321,-197.571
-0.100,-0.642,1.342,251.160,173.157,-170.654
-0.017,-0.263,1.498,280.396,168.274,-142.456
-0.017,0.143,1.791,287.170,161.987,-121.399
-0.140,0.508,2.125,269.775,158.264,-106.445
-0.334,0.791,2.401,231.018,160.400,-93.140
-0.566,0.975,2.581,179.260,162.842,-80.994
-0.829,1.078,2.679,125.244,160.889,-73.486
-1.090,1.122,2.682,76.904,151.855,-73.303
-1.318,1.156,2.634,39.001,134.033,-76.172
-1.504,1.187,2.569,15.076,105.835,-75.439
-1.638,1.168,2.477,4.883,68.665,-65.125
-1.712,1.093,2.358,3.540,27.100,-43.518
-1.724,0.961,2.188,5.188,-8.667,-17.212
-1.722,0.760,1.994,5.005,-35.950,3.784
-1.714,0.546,1.772,0.305,-55.542,16.113
-1.714,0.368,1.553,-8.057,-67.200,19.165
-1.736,0.235,1.392,-18.188,-73.853,14.526
-1.749,0.154,1.293,-29.907,-78.857,7.141
-1.741,0.080,1.234,-40.527,-86.060,0.488
-1.708,0.012,1.202,-47.913,-97.717,-2.197
-1.648,-0.069,1.182,-50.781,-113.281,-0.610
-1.555,-0.171,1.154,-48.462,-130.432,3.479
-1.456,-0.266,1.110,-41.992,-147.034,6.958
-1.363,-0.341,1.050,-32.898,-161.377,9.033
-1.285,-0.393,0.999,-23.682,-173.340,10.315
-1.223,-0.429,0.924,-16.235,-181.519,9.827
-1.162,-0.460,0.830,-12.451,-187.134,5.981
-1.088,-0.494,0.720,-13.123,-191.162,-0.671
-1.012,-0.519,0.609,-16.479,-195.190,-9.155
-0.935,-0.542,0.500,-20.203,-197.754,-18.921
-0.862,-0.540,0.403,-24.353,-198.853,-28.015
-0.798,-0.523,0.317,-27.161,-198.120,-35.217
-0.740,-0.501,0.252,-27.710,-194.641,-39.368
-0.682,-0.471,0.195,-26.123,-189.331,-41.077
-0.622,-0.423,0.147,-22.644,-182.922,-41.260
-0.567,-0.361,0.099,-18.311,-176.514,-41.382
-0.519,-0.286,0.057,-14.709,-170.532,-41.992
-0.486,-0.203,0.016,-12.573,-164.307,-42.664
-0.453,-0.130,-0.031,-10.986,-157.715,-42.969
-0.421,-0.064,-0.080,-10.559,-151.672,-41.260
-0.399,-0.028,-0.124,-11.292,-146.179,-38.147
-0.403,-0.013,-0.178,-12.390,-141.418,-34.485
-0.412,-0.024,-0.234,-14.526,-138.000,-30.701
-0.408,-0.051,-0.289,-16.907,-137.329,-26.550
-0.395,-0.085,-0.353,-16.602,-137.695,-21.301
-0.356,-0.128,-0.418,-13.184,-136.658,-14.954
-0.300,-0.179,-0.468,-6.470,-134.521,-8.057
-0.249,-0.220,-0.506,3.174,-131.348,-2.869
-0.218,-0.213,-0.537,13.611,-125.854,0.427
-0.186,-0.181,-0.585,22.339,-117.432,2.380
-0.176,-0.147,-0.623,27.466,-108.337,2.686
-0.163,-0.111,-0.667,28.870,-98.755,1.892
-0.122,-0.090,-0.727,27.344,-88.013,-0.183
-0.063,-0.082,-0.782,24.048,-78.369,-2.136
-0.002,-0.069,-0.810,20.569,-70.068,-2.869
0.066,-0.048,-0.831,15.808,-61.951,-2.991
0.125,-0.016,-0.838,10.010,-51.880,-2.380
0.221,0.013,-0.851,2.991,-32.227,-2.686
0.281,0.050,-0.855,-8.301,-11.169,-5.676
0.310,0.088,-0.846,-23.376,11.414,-11.475
0.348,0.107,-0.844,-37.964,36.194,-17.456
0.397,0.144,-0.834,-49.500,61.462,-20.020
0.421,0.162,-0.804,-58.899,86.731,-20.142
0.438,0.203,-0.773,-65.613,109.924,-18.250
0.465,0.218,-0.775,-68.909,131.409,-13.489
0.481,0.236,-0.755,-71.167,150.696,-4.211
0.489,0.263,-0.713,-73.425,169.067,9.949
0.512,0.260,-0.662,-72.937,189.026,29.724
0.527,0.214,-0.576,-68.481,209.290,55.603
0.549,0.176,-0.468,-61.646,232.788,87.830
0.577,0.126,-0.359,-53.711,259.644,122.742
0.582,0.012,-0.181,-49.072,285.339,156.006
0.569,-0.128,0.056,-49.316,308.655,184.631
0.490,-0.269,0.307,-50.110,331.604,202.271
0.357,-0.440,0.587,-49.500,349.487,207.092
0.157,-0.622,0.914,-48.340,356.506,199.158
-0.147,-0.750,1.200,-49.011,349.304,181.702
-0.450,-0.857,1.439,-55.237,332.825,158.630
-0.711,-0.970,1.694,-66.711,306.458,134.583
-1.004,-1.153,1.916,-73.730,276.123,109.070
-1.218,-1.240,2.073,-75.867,250.732,79.651
-1.440,-1.232,2.139,-73.853,217.102,54.138
-1.598,-1.219,2.138,-67.932,178.467,32.471
-1.658,-1.155,2.042,-61.035,139.648,18.311
-1.581,-1.091,1.898,-53.650,101.685,11.414
-1.499,-1.070,1.783,-46.753,64.453,7.812
-1.444,-1.053,1.722,-39.612,31.250,6.287
-1.423,-1.029,1.676,-30.762,7.324,6.165
-1.418,-1.008,1.646,-22.095,-8.789,5.798
-1.439,-0.955,1.639,-18.188,-21.667,2.197
-1.435,-0.899,1.584,-18.127,-28.809,-5.432
-1.380,-0.833,1.489,-20.142,-33.630,-14.465
-1.283,-0.751,1.384,-22.095,-37.842,-22.278
-1.185,-0.666,1.290,-23.743,-40.710,-28.442
-1.099,-0.585,1.205,-23.193,-40.283,-32.654
-1.037,-0.512,1.134,-21.301,-37.415,-33.569
-0.988,-0.448,1.086,-18.860,-34.180,-31.555
-0.954,-0.407,1.047,-16.357,-30.334,-26.978
-0.944,-0.388,1.003,-14.160,-26.733,-20.935
-0.949,-0.394,0.973,-13.000,-25.146,-13.733
-0.959,-0.433,0.941,-11.475,-25.024,-7.324
-0.962,-0.462,0.894,-9.766,-26.001,-2.869

0.274,1.914,-0.453,-136.353,140.442,-99.487
0.232,1.973,-0.310,-130.737,163.818,-40.833
0.126,1.844,-0.017,-121.216,179.199,33.020
-0.021,1.555,0.345,-115.356,191.528,105.469
-0.103,1.192,0.641,-115.295,200.989,158.142
-0.270,0.819,0.912,-113.647,202.393,195.923
-0.451,0.377,1.088,-108.948,192.871,223.999
-0.616,-0.100,1.146,-101.807,176.331,246.399
-0.689,-0.528,1.117,-95.215,153.870,260.254
-0.689,-0.891,1.078,-92.712,126.770,264.221
-0.685,-1.276,1.041,-93.872,102.722,254.150
-0.685,-1.622,1.004,-97.412,86.426,232.483
-0.802,-1.772,0.986,-105.774,74.585,199.951
-0.778,-1.854,0.912,-114.929,65.247,172.058
-0.793,-1.957,0.830,-120.117,58.044,142.395
-0.770,-2.067,0.765,-122.620,53.894,115.295
-0.775,-2.271,0.709,-120.178,53.040,98.206
-0.831,-2.534,0.663,-108.826,56.091,86.121
-0.863,-2.760,0.605,-92.163,58.716,72.327
-0.869,-2.904,0.561,-76.477,56.885,52.551
-0.862,-2.978,0.518,-62.683,53.650,25.574
-0.833,-2.991,0.452,-49.438,52.856,-5.981
-0.761,-2.941,0.361,-35.461,53.345,-36.255
-0.667,-2.869,0.276,-18.738,51.270,-61.218
-0.557,-2.776,0.205,0.671,46.692,-78.796
-0.404,-2.639,0.135,25.452,44.128,-88.196
-0.231,-2.490,0.079,54.016,44.739,-92.529
-0.073,-2.333,0.070,75.806,51.514,-98.450
0.056,-2.160,0.126,85.999,64.209,-112.854
0.107,-1.978,0.235,89.844,81.848,-135.559
0.078,-1.741,0.367,90.332,101.013,-161.804
0.036,-1.493,0.492,91.370,118.469,-185.486
-0.007,-1.240,0.619,96.436,131.470,-202.454
-0.103,-0.994,0.788,107.605,136.353,-208.984
-0.184,-0.760,0.952,127.136,135.864,-203.796
-0.211,-0.507,1.090,150.513,132.629,-186.584
-0.235,-0.237,1.246,170.959,126.953,-164.734
-0.327,0.028,1.458,183.167,119.995,-143.616
-0.491,0.276,1.631,186.157,116.150,-125.122
-0.665,0.482,1.797,182.495,118.164,-109.253
-0.818,0.672,2.018,171.021,118.286,-93.567
-0.976,0.784,2.249,154.358,113.220,-79.041
-1.144,0.803,2.442,132.751,105.286,-66.956
-1.305,0.758,2.537,104.065,94.360,-59.937
-1.456,0.717,2.467,67.932,78.308,-59.753
-1.576,0.693,2.264,29.663,57.312,-66.711
-1.649,0.641,2.089,-1.404,33.813,-77.637
-1.686,0.631,1.987,-20.203,10.498,-83.069
-1.723,0.603,1.939,-24.536,-10.681,-79.285
-1.779,0.555,1.944,-18.188,-32.959,-65.613
-1.776,0.448,1.928,-7.812,-54.871,-45.654
-1.712,0.314,1.857,-0.916,-76.965,-27.649
-1.604,0.182,1.742,0.732,-99.976,-16.846
-1.506,0.072,1.548,-1.648,-123.108,-13.367
-1.434,-0.009,1.325,-4.822,-143.494,-14.771
-1.376,-0.088,1.094,-8.850,-160.156,-17.761
-1.299,-0.138,0.875,-13.184,-172.852,-20.386
-1.197,-0.177,0.699,-15.991,-182.617,-24.658
-1.109,-0.176,0.591,-18.005,-191.772,-31.006
-1.042,-0.147,0.524,-19.592,-196.838,-37.598
-0.972,-0.124,0.475,-21.423,-196.655,-42.603
-0.900,-0.110,0.414,-23.926,-194.336,-46.387
-0.815,-0.099,0.341,-27.161,-192.383,-49.744
-0.725,-0.087,0.259,-29.785,-192.688,-53.040
-0.642,-0.074,0.179,-30.579,-194.397,-55.420
-0.571,-0.057,0.078,-28.198,-196.533,-55.664
-0.510,-0.044,-0.032,-23.132,-199.219,-52.673
-0.435,-0.024,-0.137,-17.334,-202.942,-47.363
-0.355,0.001,-0.237,-11.597,-205.994,-40.833
-0.278,0.034,-0.341,-5.066,-205.811,-33.325
-0.207,0.060,-0.437,2.258,-201.111,-25.513
-0.147,0.092,-0.511,10.742,-193.848,-16.663
-0.129,0.125,-0.542,18.005,-183.594,-6.226
-0.148,0.140,-0.558,21.729,-168.335,4.578
-0.176,0.123,-0.575,21.423,-149.475,14.648
-0.188,0.088,-0.603,16.846,-131.653,21.484
-0.197,0.040,-0.644,8.118,-116.394,24.170
-0.193,-0.016,-0.677,-2.869,-103.394,22.278
-0.153,-0.054,-0.702,-14.099,-93.323,18.250
-0.107,-0.074,-0.732,-23.071,-84.229,12.939
-0.070,-0.091,-0.774,-28.198,-74.280,7.874
-0.015,-0.101,-0.838,-30.701,-63.965,4.395
0.065,-0.096,-0.906,-32.166,-53.894,2.808
0.175,-0.084,-0.973,-32.166,-41.504,2.563
0.268,-0.049,-1.005,-33.813,-23.987,2.625
0.334,0.009,-1.003,-41.138,-0.122,0.366
0.370,0.074,-0.999,-53.345,28.320,-5.249
0.376,0.122,-0.998,-67.261,57.739,-12.817
0.401,0.147,-1.000,-79.407,84.595,-16.785
0.438,0.162,-1.009,-87.158,106.628,-14.587
0.503,0.148,-1.012,-91.980,125.427,-5.798
0.570,0.172,-1.012,-94.482,144.958,9.155
0.643,0.201,-0.980,-93.872,166.748,31.006
0.700,0.212,-0.909,-91.187,190.063,55.847
0.784,0.186,-0.810,-87.341,214.966,83.008
0.875,0.119,-0.621,-80.322,241.760,115.112
0.915,-0.000,-0.370,-68.298,269.348,150.085
0.871,-0.164,-0.049,-53.772,295.959,176.147
0.771,-0.377,0.319,-40.222,315.796,194.702
0.571,-0.618,0.704,-27.466,328.674,203.552
0.317,-0.860,1.015,-17.029,339.478,200.867
0.063,-1.068,1.253,-13.062,341.309,185.669
-0.224,-1.198,1.555,-19.165,329.163,157.288
-0.558,-1.214,1.894,-30.640,310.303,121.338
-0.886,-1.196,2.093,-38.513,294.678,85.754
-1.136,-1.125,2.180,-44.128,276.978,57.190
-1.273,-1.052,2.218,-51.086,253.296,37.415
-1.369,-1.048,2.222,-57.556,220.581,25.696
-1.440,-1.094,2.178,-61.462,183.716,20.508
-1.440,-1.146,2.084,-62.866,151.978,15.442
-1.426,-1.188,1.975,-64.697,120.728,7.263
-1.407,-1.203,1.864,-66.162,88.562,-2.319
-1.386,-1.169,1.775,-63.843,57.312,-11.658
-1.347,-1.118,1.697,-57.434,30.640,-19.409
-1.288,-1.060,1.596,-47.546,11.230,-25.391
-1.230,-0.987,1.505,-36.987,-6.897,-29.907
-1.227,-0.862,1.426,-27.100,-23.926,-31.494
-1.125,-0.779,1.356,-15.076,-35.339,-23.437
-1.068,-0.718,1.288,-1.648,-40.466,-17.151

-0.804,-0.867,0.851,-97.778,37.781,197.083
-0.796,-1.023,0.769,-101.807,10.620,186.462
-0.716,-1.184,0.683,-109.985,-8.728,177.490
-0.613,-1.354,0.603,-117.737,-19.592,167.786
-0.540,-1.514,0.516,-122.925,-25.574,154.724
-0.506,-1.680,0.405,-126.099,-26.123,136.047
-0.499,-1.797,0.273,-128.540,-22.034,114.197
-0.526,-1.871,0.127,-129.944,-16.418,91.614
-0.474,-1.880,0.076,-130.066,-14.404,71.472
-0.461,-1.899,-0.001,-125.610,-7.935,49.622
-0.433,-1.912,-0.077,-118.286,2.014,30.945
-0.388,-1.911,-0.130,-108.765,9.827,17.151
-0.360,-1.904,-0.180,-97.717,16.296,6.348
-0.341,-1.916,-0.230,-86.975,22.827,-3.113
-0.287,-1.920,-0.279,-78.003,28.381,-11.719
-0.211,-1.922,-0.322,-72.327,34.790,-20.813
-0.147,-1.962,-0.367,-71.411,43.213,-32.654
-0.077,-2.027,-0.382,-73.547,52.856,-46.326
-0.024,-2.114,-0.363,-74.402,63.110,-59.692
0.035,-2.161,-0.331,-69.885,76.782,-70.923
0.076,-2.165,-0.315,-56.763,92.102,-82.214
0.078,-2.129,-0.256,-36.560,103.577,-94.421
0.071,-2.104,-0.181,-10.620,112.732,-102.783
0.088,-2.068,-0.095,21.301,121.887,-105.652
0.122,-2.032,0.027,54.260,130.249,-106.506
0.154,-1.974,0.199,81.116,139.221,-110.291
0.137,-1.885,0.370,101.318,148.560,-120.117
0.110,-1.743,0.539,113.647,158.630,-135.681
0.072,-1.547,0.739,118.652,169.861,-156.921
-0.056,-1.300,0.930,121.582,180.908,-182.129
-0.228,-1.052,1.136,129.028,191.833,-203.979
-0.361,-0.794,1.346,143.494,201.050,-213.928
-0.474,-0.525,1.589,164.368,205.566,-209.473
-0.571,-0.234,1.939,188.477,204.346,-192.017
-0.684,0.052,2.362,207.458,196.960,-163.940
-0.807,0.227,2.679,216.553,180.603,-129.944
-0.968,0.329,2.926,213.440,156.311,-103.882
-1.114,0.457,3.073,193.787,126.587,-90.942
-1.284,0.589,3.138,160.278,91.858,-86.243
-1.372,0.668,3.133,121.826,60.608,-86.792
-1.400,0.696,3.036,85.571,39.612,-89.355
-1.439,0.680,2.854,53.650,23.437,-88.074
-1.468,0.536,2.567,26.611,6.165,-78.430
-1.559,0.395,2.204,4.150,-11.414,-74.585
-1.613,0.337,1.888,-13.550,-27.161,-74.829
-1.619,0.283,1.721,-25.085,-53.223,-73.730
-1.595,0.256,1.676,-27.222,-80.139,-68.542
-1.607,0.255,1.690,-21.790,-101.624,-54.382
-1.596,0.208,1.694,-13.611,-117.432,-38.330
-1.515,0.130,1.660,-7.263,-124.084,-32.959
-1.398,0.057,1.539,-5.859,-126.465,-38.269
-1.314,0.015,1.300,-10.376,-130.432,-52.002
-1.269,0.024,1.058,-20.569,-141.724,-68.115
-1.221,0.068,0.879,-33.142,-159.424,-83.252
-1.141,0.112,0.752,-45.410,-179.504,-93.567
-1.032,0.134,0.649,-55.969,-198.853,-95.764
-0.912,0.145,0.542,-63.416,-213.379,-88.623
-0.768,0.125,0.422,-64.514,-225.098,-75.684
-0.615,0.106,0.313,-57.922,-235.657,-58.594
-0.486,0.110,0.215,-46.387,-242.249,-41.260
-0.389,0.111,0.106,-33.264,-241.150,-26.794
-0.342,0.112,-0.025,-22.583,-234.863,-15.076
-0.316,0.097,-0.162,-16.785,-226.135,-6.775
-0.267,0.055,-0.295,-15.808,-215.515,-2.197
-0.206,0.014,-0.402,-19.226,-205.933,-0.671
-0.137,-0.015,-0.488,-24.597,-196.167,-1.953
-0.074,-0.042,-0.552,-29.785,-186.035,-5.127
-0.020,-0.060,-0.606,-34.363,-175.049,-8.240
0.004,-0.076,-0.649,-37.964,-163.513,-10.864
0.014,-0.093,-0.680,-39.001,-151.306,-12.146
0.026,-0.114,-0.721,-36.255,-139.160,-11.780
0.035,-0.137,-0.753,-30.090,-128.479,-10.437
0.013,-0.163,-0.749,-22.400,-116.577,-6.531
-0.012,-0.190,-0.764,-14.587,-100.464,-0.488
0.000,-0.225,-0.804,-6.165,-83.130,6.653
0.027,-0.265,-0.827,3.418,-68.726,14.099
0.062,-0.286,-0.844,13.733,-55.481,21.484
0.104,-0.284,-0.851,22.400,-41.870,27.100
0.173,-0.251,-0.865,26.245,-27.527,29.480
0.275,-0.181,-0.886,22.400,-9.766,27.893
0.373,-0.092,-0.901,8.057,12.817,20.508
0.461,0.009,-0.906,-15.930,39.307,6.958
0.527,0.087,-0.875,-46.509,69.336,-8.728
0.562,0.134,-0.832,-77.209,103.271,-22.095
0.569,0.168,-0.784,-101.440,142.029,-26.306
0.533,0.164,-0.681,-114.136,177.307,-20.447
0.528,0.133,-0.585,-112.183,206.665,-4.211
0.534,0.079,-0.509,-97.290,230.225,19.775
0.523,0.003,-0.415,-77.942,246.094,48.157
0.543,-0.067,-0.305,-59.692,257.690,79.163
0.558,-0.118,-0.168,-46.692,270.935,109.314
0.560,-0.207,0.016,-40.283,285.828,133.423
0.547,-0.305,0.210,-37.109,304.810,149.292
0.459,-0.416,0.459,-35.950,322.693,155.884
0.230,-0.522,0.724,-36.316,333.313,155.090
0.008,-0.618,0.955,-37.476,337.952,146.606
-0.227,-0.670,1.174,-43.518,331.848,129.333
-0.492,-0.711,1.404,-55.115,313.599,108.337
-0.695,-0.756,1.589,-67.383,291.443,89.233
-0.817,-0.809,1.759,-76.660,270.569,77.026
-0.933,-0.901,1.919,-78.125,251.831,71.350
-1.023,-0.971,2.025,-70.251,235.535,68.787
-1.205,-1.009,2.094,-59.387,219.604,62.012
-1.380,-1.035,2.098,-54.443,197.815,49.744
-1.456,-1.029,2.053,-59.082,169.800,33.752
-1.418,-1.005,2.023,-70.923,137.939,13.000
-1.369,-0.983,2.060,-80.750,104.858,-7.446
-1.364,-0.938,2.115,-79.834,76.904,-21.667
-1.375,-0.883,2.130,-69.031,54.626,-28.259
-1.394,-0.808,2.092,-54.749,33.325,-30.029
-1.329,-0.738,2.015,-42.175,9.827,-28.320
-1.282,-0.672,1.892,-34.363,-14.465,-30.273
-1.187,-0.607,1.738,-31.555,-35.339,-36.011
-1.080,-0.548,1.589,-29.968,-53.162,-41.931
-0.983,-0.480,1.449,-26.001,-65.857,-45.654
-0.890,-0.406,1.317,-18.677,-71.472,-46.143
-0.825,-0.348,1.215,-9.644,-72.327,-44.128
-0.773,-0.290,1.139,-0.854,-70.190,-39.856
-0.733,-0.238,1.075,6.775,-64.758,-34.241

-0.755,-1.131,0.882,-120.728,76.660,161.072
-0.757,-1.277,0.758,-131.165,60.059,135.376
-0.755,-1.350,0.644,-143.799,39.673,104.187
-0.664,-1.505,0.564,-152.100,16.907,86.182
-0.656,-1.736,0.502,-146.912,-1.221,79.224
-0.656,-1.978,0.411,-126.038,-11.475,83.435
-0.663,-2.255,0.300,-95.764,-16.113,91.797
-0.683,-2.495,0.161,-67.078,-18.433,94.910
-0.572,-2.624,0.065,-46.753,-22.278,87.036
-0.460,-2.660,-0.063,-33.447,-19.775,60.852
-0.310,-2.615,-0.244,-28.503,-9.521,23.132
-0.146,-2.534,-0.395,-30.701,6.897,-16.174
0.005,-2.452,-0.487,-35.645,21.362,-50.537
0.126,-2.307,-0.552,-36.865,38.025,-76.904
0.187,-2.128,-0.608,-31.128,56.213,-96.191
0.220,-1.985,-0.688,-20.752,75.500,-109.131
0.230,-1.903,-0.700,-9.338,93.933,-112.366
0.232,-1.900,-0.663,6.348,113.525,-106.628
0.203,-1.930,-0.567,27.588,133.972,-93.384
0.186,-1.957,-0.403,52.185,156.006,-77.148
0.169,-1.961,-0.182,76.904,176.880,-66.223
0.115,-1.895,0.087,95.032,194.824,-66.956
0.010,-1.741,0.354,106.689,209.351,-79.773
-0.106,-1.515,0.624,113.342,220.703,-100.464
-0.253,-1.233,0.893,117.004,228.516,-121.460
-0.423,-0.935,1.157,122.131,234.070,-131.775
-0.613,-0.661,1.418,129.150,236.816,-129.333
-0.806,-0.443,1.648,134.521,235.168,-118.652
-1.004,-0.287,1.898,134.155,225.891,-105.835
-1.206,-0.181,2.128,127.563,209.045,-96.802
-1.336,-0.092,2.335,114.197,189.026,-92.102
-1.431,-0.005,2.525,96.619,166.382,-90.759
-1.527,0.081,2.640,79.773,141.113,-91.064
-1.640,0.155,2.665,63.965,115.112,-89.600
-1.719,0.220,2.608,50.110,88.196,-85.632
-1.754,0.264,2.484,38.513,59.021,-78.857
-1.789,0.270,2.312,28.503,30.212,-70.068
-1.838,0.227,2.116,18.066,6.531,-60.120
-1.852,0.112,1.955,6.409,-10.620,-50.659
-1.840,0.030,1.806,-6.653,-23.376,-43.945
-1.843,-0.060,1.686,-16.907,-34.241,-42.175
-1.829,-0.131,1.601,-23.071,-44.189,-44.006
-1.795,-0.174,1.562,-26.367,-57.068,-47.302
-1.753,-0.197,1.544,-26.489,-73.792,-49.744
-1.711,-0.218,1.517,-23.499,-92.896,-50.049
-1.642,-0.255,1.457,-18.982,-113.037,-47.302
-1.587,-0.316,1.360,-15.076,-133.240,-44.617
-1.525,-0.371,1.255,-12.695,-151.245,-43.335
-1.449,-0.400,1.162,-11.292,-165.771,-45.593
-1.369,-0.389,1.077,-10.315,-178.772,-52.002
-1.251,-0.344,0.988,-9.216,-191.284,-60.364
-1.100,-0.273,0.897,-8.972,-203.735,-67.505
-0.937,-0.188,0.796,-9.399,-215.759,-71.533
-0.766,-0.119,0.674,-10.376,-225.647,-73.120
-0.609,-0.063,0.526,-12.085,-233.154,-73.120
-0.454,-0.045,0.380,-15.137,-237.366,-72.693
-0.307,-0.036,0.221,-19.348,-237.793,-71.472
-0.165,-0.032,0.045,-22.522,-235.107,-70.313
-0.050,-0.016,-0.118,-22.827,-231.934,-69.702
0.037,0.006,-0.254,-21.179,-226.196,-68.176
0.100,0.024,-0.378,-17.029,-215.393,-63.965
0.146,0.038,-0.489,-9.399,-199.402,-55.664
0.173,0.039,-0.581,1.099,-180.664,-43.152
0.203,0.047,-0.645,11.475,-161.316,-28.625
0.232,0.067,-0.707,18.066,-140.320,-15.076
0.237,0.099,-0.737,18.616,-120.972,-6.470
0.260,0.119,-0.764,13.245,-104.065,-3.601
0.289,0.134,-0.811,1.892,-88.074,-3.540
0.323,0.158,-0.844,-18.250,-73.303,-6.775
0.364,0.174,-0.838,-46.326,-60.364,-16.907
0.401,0.177,-0.830,-75.012,-46.692,-32.471
0.407,0.171,-0.832,-96.680,-32.654,-45.166
0.412,0.186,-0.872,-107.666,-17.883,-47.607
0.422,0.186,-0.920,-104.675,-6.653,-39.856
0.451,0.166,-0.978,-90.027,1.282,-22.949
0.476,0.149,-1.001,-70.007,11.902,0.732
0.513,0.107,-1.008,-50.720,27.100,26.611
0.572,0.078,-0.999,-35.217,46.021,50.293
0.615,0.054,-0.960,-27.283,68.665,67.444
0.672,0.056,-0.943,-26.672,95.825,75.500
0.721,0.052,-0.931,-33.386,124.451,78.186
0.758,0.082,-0.880,-45.471,151.184,80.811
0.789,0.115,-0.799,-55.054,178.894,86.914
0.804,0.153,-0.646,-62.012,205.261,100.403
0.795,0.142,-0.453,-65.735,230.957,120.972
0.745,0.081,-0.201,-67.322,254.028,144.165
0.662,-0.100,0.093,-67.505,276.062,165.161
0.588,-0.321,0.374,-63.354,298.035,182.739
0.454,-0.574,0.641,-56.213,317.261,193.665
0.149,-0.860,0.908,-51.575,326.599,190.125
-0.188,-1.108,1.128,-50.781,326.843,172.607
-0.505,-1.268,1.334,-58.411,320.557,147.461
-0.735,-1.446,1.628,-67.017,307.190,121.704
-1.143,-1.681,1.923,-65.674,293.213,96.191
-1.482,-1.804,2.104,-59.875,276.123,78.674
-1.675,-1.855,2.203,-56.946,253.052,60.974
-1.771,-1.812,2.291,-58.777,220.032,39.001
-1.793,-1.652,2.289,-65.002,180.542,11.719
-1.748,-1.470,2.182,-72.571,141.113,-20.386
-1.645,-1.321,2.035,-78.308,103.210,-48.157
-1.522,-1.170,1.885,-78.918,62.012,-62.439
-1.401,-1.018,1.718,-68.726,21.362,-65.063
-1.257,-0.896,1.526,-47.791,-13.550,-58.472
-1.137,-0.771,1.370,-21.912,-46.265,-43.884
-1.045,-0.669,1.263,4.272,-69.031,-25.085
-0.978,-0.577,1.138,27.466,-72.327,-5.127
-0.922,-0.520,1.035,43.945,-61.523,11.658
-0.869,-0.500,0.958,52.002,-44.922,21.790
-0.806,-0.500,0.890,52.856,-25.452,22.888
-0.773,-0.494,0.857,43.579,-5.920,15.625
-0.772,-0.479,0.842,26.062,11.780,3.174
-0.790,-0.471,0.835,5.310,26.001,-8.484
-0.798,-0.462,0.864,-14.221,32.654,-16.602
-0.818,-0.469,0.903,-29.602,32.288,-21.301
-0.840,-0.483,0.933,-39.978,28.259,-23.499
-0.951,-0.476,0.952,-46.509,22.827,-23.376
-0.891,-0.502,0.942,-48.828,18.738,-21.423
-0.830,-0.532,1.030,-47.913,15.198,-21.606
-0.773,-0.500,0.893,-41.809,25.024,-18.799
